name,generic_name,category,dispensing_unit,unit_price,cost_price,quantity_in_stock,reorder_level,expiry_date,barcode,requires_prescription
BG-Glutamin Plus 500MG,Glutamic Acid,Vitamins & Supplements,Tablet,30,22.56,0,10,,LINMMDE7RJF0001,FALSE
Coconut oil,,Oils & Serums,Piece,100,75.19,0,10,,LINMMDE7RJH0002,FALSE
Clozole B Cream 0.05%W / 1%W,Betamethasone / Clotrimazole,Antifungals,Tube,100,81,0,10,,LINMMDE7RJK0003,FALSE
Laekit 1000MG / 40MG / 500MG,Amoxicillin / Esomeprazole / Levofloxacin,Antibiotics,Tablet,3000,2255.64,0,10,,LINMMDE7RJK0004,FALSE
Generic 100MG,Chlorpromazine,Other,Tablet,300,225.56,0,10,,LINMMDE7RJP0005,FALSE
Betapyn 95MG / 10MG / 450MG,Caffeine / Codeine / Paracetamol,Painkillers,Tablet,50,45,0,10,,LINMMDE7RJP0006,FALSE
Nitrofurantoin,,Antibiotics,Piece,100,75.19,0,10,,LINMMDE7RJP0007,FALSE
Brazilian,,Skin Care,Piece,100,75.19,0,10,,LINMMDE7RJP0008,FALSE
Cefuroxime 50ml 125MG/5ML,Cefuroxime,Antibiotics,Bottle,250,187.97,0,10,,LINMMDE7RJP0009,FALSE
Azmasol,Salbutamol,Respiratory,Piece,500,375.94,0,10,,LINMMDE7RJQ0010,FALSE
Jointflex /  /,Chondroitin / Glucosamine / Multivitamin - General,Vitamins & Supplements,Piece,65,48.87,0,10,,LINMMDE7RJQ0011,FALSE
Montel kid 4mg 5MG,Montelukast4mg,Respiratory,Tablet,50,37.59,0,10,,LINMMDE7RJQ0012,FALSE
Vitamin B,Vitamin B Complex,Vitamins & Supplements,Piece,5,3.76,0,10,,LINMMDE7RJQ0013,FALSE
Combivent 0.5MG/2.5ML / 2.5MG/2.5ML,Ipratropium / Salbutamol,Hair Accessories,Bottle,300,225.56,0,10,,LINMMDE7RJQ0014,FALSE
Vidol,Carvedilol,Cardiovascular,Piece,15,11.28,0,10,,LINMMDE7RJQ0015,FALSE
Liquid Parafin,Paraffin,Gastrointestinal,Piece,50,37.59,0,10,,LINMMDE7RJR0016,FALSE
Methylated Spirit 70%W,Methylated Spirit,Other,Piece,70,52.63,0,10,,LINMMDE7RJS0017,FALSE
Bulkot B Cream 0.025%W / 1%W,Beclomethasone / Clotrimazole,Antifungals,Tube,150,112.78,0,10,,LINMMDE7RJS0018,FALSE
Heel Cream 5%W / 1000IU/GM / 30IU/1GM,Aloe / Vitamin A Retinoids / Vitamin D Cholecalciferol,Skin Care,Tube,350,263.16,0,10,,LINMMDE7RJS0019,FALSE
Carvedilol 12.5MG,Carvedilol,Cardiovascular,Tablet,20,15.04,0,10,,LINMMDE7RJS0020,FALSE
Sanitary Pads Softcare,Sanitary Pads,General Accessories,Piece,80,60.15,0,10,,LINMMDE7RJS0021,FALSE
Largan 5MG,Promethazine,Antihistamines,Tablet,50,37.59,0,10,,LINMMDE7RJS0022,FALSE
Ciproflox-500mg,Ciprofloxacin,Antibiotics,Tablet,10,8,0,10,,LINMMDE7RJS0023,FALSE
Waterguard,Chlorine,Other,Piece,100,75.19,0,10,,LINMMDE7RJS0024,FALSE
Flamoryl-S 250MG / 50MG / 325MG,Chlorzoxazone / Diclofenac / Paracetamol,Painkillers,Tablet,250,187.97,0,10,,LINMMDE7RJS0025,FALSE
Comb With Mirror,,Hair Accessories,Piece,50,37.59,0,10,,LINMMDE7RJS0026,FALSE
Crepe bandage 50,Bandage Gauze,Other,Piece,50,37.59,0,10,,LINMMDE7RJS0027,FALSE
Roseleaf Kubwa,,Oils & Serums,Piece,150,112.78,0,10,,LINMMDE7RJS0028,FALSE
Maxilight,,Skin Care,Piece,350,263.16,0,10,,LINMMDE7RJS0029,FALSE
Baby love,Baby Love,General Accessories,Piece,80,60,0,10,,LINMMDE7RJS0030,FALSE
"Crepe Bandage 2""",Bandage Crepe,Other,Piece,50,37.59,0,10,,LINMMDE7RJS0031,FALSE
Evofix 100MG/5ML,Cefixime,Antibiotics,Bottle,250,187.97,0,10,,LINMMDE7RJS0032,FALSE
Tincture 1%W,Povidone Iodine,Other,Piece,100,75.19,0,10,,LINMMDE7RJS0033,FALSE
Rbs strip,Blood Glucose Test Strips,Other,Strip,100,75.19,0,10,,LINMMDE7RJS0034,FALSE
Neutricid 120MG / 250MG,Aluminium / Magnesium,Antacids,Tablet,5,3,0,10,,LINMMDE7RJS0035,FALSE
Mask Face,Mask - Face,Other,Piece,10,7.52,0,10,,LINMMDE7RJS0036,FALSE
key holder kubwa,,General Accessories,Piece,50,37.59,0,10,,LINMMDE7RJS0037,FALSE
MZCAL Plus,,Vitamins & Supplements,Piece,25,18.8,0,10,,LINMMDE7RJS0038,FALSE
Diamisole 250MG / 200MG,Diloxanide / Metronidazole,Antibiotics,Tablet,200,150.38,0,10,,LINMMDE7RJS0039,FALSE
Enervit 100ml 100,Multivitamin - General,Vitamins & Supplements,Bottle,150,75.19,0,10,,LINMMDE7RJS0040,FALSE
Femi lydia,,General Accessories,Piece,100,75.19,0,10,,LINMMDE7RJS0041,FALSE
Generic Bronchodilator + Mucolytic,Cough Expectorant,Respiratory,Bottle,150,112.78,0,10,,LINMMDE7RJS0042,FALSE
Enalapril 5 5MG,Enalapril,Cardiovascular,Tablet,5,3.76,0,10,,LINMMDE7RJS0043,FALSE
Natoa 100MG,Mebendazole,Antibiotics,Tablet,100,75.19,0,10,,LINMMDE7RJS0044,FALSE
Acyclovir 200mg 200MG,Acyclovir,Antibiotics,Tablet,30,22.56,0,10,,LINMMDE7RJS0045,FALSE
Yellow Cannula G24,Cannula - IV,Other,Vial,20,15.04,0,10,,LINMMDE7RJS0046,FALSE
Omeprazole 20MG,Omeprazole,Antacids,Tablet,5,3,0,10,,LINMMDE7RJS0047,FALSE
P-Alaxin 40MG / 320MG,Dihydroartemisinin / Piperaquine,Antibiotics,Tablet,300,225.56,0,10,,LINMMDE7RJS0048,FALSE
ESOP,Esomeprazole,Antacids,Piece,300,225.56,0,10,,LINMMDE7RJS0049,FALSE
Tramadol,,Painkillers,Piece,200,150.38,0,10,,LINMMDE7RJS0050,FALSE
Deep Heat Spray,Menthol,Painkillers,Piece,750,563.91,0,10,,LINMMDE7RJS0051,FALSE
KY5013 (40-45),,Footwear,Piece,350,263.16,0,10,,LINMMDE7RJS0052,FALSE
Flarex 0.1%W,Fluorometholone,Eye & Ear,Piece,430,380,0,10,,LINMMDE7RJS0053,FALSE
Surgical Spirit,,Other,Piece,50,37.59,0,10,,LINMMDE7RJS0054,FALSE
Nifelong,Nifedipine,Cardiovascular,Piece,30,22.56,0,10,,LINMMDE7RJS0055,FALSE
Hemoforce Family,Haematinic Blood Builder,Vitamins & Supplements,Piece,350,263.16,0,10,,LINMMDE7RJS0056,FALSE
Dexneo Eye-Ear 0.1%W / 0.35%W,Dexamethasone / Neomycin,Antibiotics,Piece,150,112.78,0,10,,LINMMDE7RJS0057,FALSE
Nice And Lovely Glycerine,,Oils & Serums,Piece,100,75.19,0,10,,LINMMDE7RJS0058,FALSE
Spray 2 In 1,,Perfumes & Fragrances,Piece,350,263.16,0,10,,LINMMDE7RJS0059,FALSE
Myospaz 250MG / 500MG,Chlorzoxazone / Paracetamol,Painkillers,Tablet,30,22.56,0,10,,LINMMDE7RJS0060,FALSE
Eno Lemon,Antacid,Antacids,Piece,30,22.56,0,10,,LINMMDE7RJS0061,FALSE
Xtone forte 200mg,Xtone forte,Other,Tablet,600,451.13,0,10,,LINMMDE7RJS0062,FALSE
Mtm 100MG,Sildenafil,Other,Tablet,40,30.08,0,10,,LINMMDE7RJS0063,FALSE
Amlozaar-H 5MG / 2.5MG / 50MG,Amlodipine / Hydrochlorothiazide / Losartan,Cardiovascular,Tablet,20,15.04,0,10,,LINMMDE7RJS0064,FALSE
Chlorpromazine 100MG,Chlorpromazine,Other,Tablet,300,225.56,0,10,,LINMMDE7RJS0065,FALSE
Acinet Dry,Amoxicillin / Clavulanic Acid,Antibiotics,Piece,300,225.56,0,10,,LINMMDE7RJS0066,FALSE
Empiget,Empagliflozin,Diabetes,Piece,100,75.19,0,10,,LINMMDE7RJS0067,FALSE
Amoxycillin Dispersible 250MG,Amoxicillin,Antibiotics,Tablet,10,7.52,0,10,,LINMMDE7RJS0068,FALSE
Dextracin 0.1%W/V / 0.5%W,Dexamethasone / Neomycin,Antibiotics,Piece,400,300.75,0,10,,LINMMDE7RJS0069,FALSE
Multi Vitamin Caps /,Amino Acid / Multivitamin - General,Vitamins & Supplements,Capsule,10,7.52,0,10,,LINMMDE7RJT0070,FALSE
Pcm,Paracetamol,Painkillers,Piece,2,1,0,10,,LINMMDE7RJT0071,FALSE
Enterezole 10MG / 250MG / 200MG,Dicyclomine / Diloxanide / Metronidazole,Antibiotics,Tablet,200,150.38,0,10,,LINMMDE7RJT0072,FALSE
Aziflam 250MG,Azithromycin,Antibiotics,Tablet,150,112.78,0,10,,LINMMDE7RJT0073,FALSE
Fluconazole 200mg,Fluconazole,Antifungals,Tablet,50,37.59,0,10,,LINMMDE7RJT0074,FALSE
Clindacin-300 300MG,Clindamycin,Antibiotics,Tablet,350,26.32,0,10,,LINMMDE7RJT0075,FALSE
Cefuroxime 100ml 125MG/1ML,Cefuroxime,Antibiotics,Bottle,400,300.75,0,10,,LINMMDE7RJT0076,FALSE
Modecate 25MG/1ML,Fluphenazine,Other,Bottle,200,150,0,10,,LINMMDE7RJT0077,FALSE
Diclofenac,,Painkillers,Piece,5,3.76,0,10,,LINMMDE7RJT0078,FALSE
Nebanol Powder 250IU/1GM / 5MG/1GM,Bacitracin / Neomycin,Antibiotics,Box,150,112.78,0,10,,LINMMDE7RJT0079,FALSE
Daboral 250MG,Aminosidine,Antibiotics,Tablet,1000,676.69,0,10,,LINMMDE7RJT0080,FALSE
medical supplies,Serviette Rossy,Other,Piece,100,75.19,0,10,,LINMMDE7RJT0081,FALSE
Evit 400MG,Vitamin E,Vitamins & Supplements,Tablet,35,26.32,0,10,,LINMMDE7RJT0082,FALSE
CTX 960mg,Sulfamethoxazole / Trimethoprim,Antibiotics,Tablet,10,7,0,10,,LINMMDE7RJT0083,FALSE
arimis,Arimis,Oils & Serums,Piece,150,112.78,0,10,,LINMMDE7RJT0084,FALSE
Dazole Cream 1%W,Clotrimazole,Antifungals,Tube,100,75.19,0,10,,LINMMDE7RJT0085,FALSE
Medisel Kenya 1MG/1ML,Adrenaline Epinephrine,Other,Bottle,300,225.56,0,10,,LINMMDE7RJT0086,FALSE
Griseofulvin 250mg 250MG,Griseofulvin,Antifungals,Tablet,10,7.52,0,10,,LINMMDE7RJT0087,FALSE
Topical cream,Tetracycline,Dermatology,Tube,100,75.19,0,10,,LINMMDE7RJT0088,FALSE
Lipgloss,,Makeup,Piece,50,37.59,0,10,,LINMMDE7RJT0089,FALSE
Aquafresh Medium,Toothbrush,General Accessories,Piece,30,22.56,0,10,,LINMMDE7RJT0090,FALSE
Artemed 80MG/1ML,Artemether,Antibiotics,Bottle,200,150.38,0,10,,LINMMDE7RJT0091,FALSE
Neonatal Ampiclox 125MG/5ML / 125MG/5ML,Ampicillin / Cloxacillin,Antibiotics,Bottle,150,112.78,0,10,,LINMMDE7RJT0092,FALSE
Claxyclav 375mg,Amoxicillin / Clavulanic Acid,Antibiotics,Tablet,350,0.1,0,10,,LINMMDE7RJT0093,FALSE
Movit Hair Gel Curl activator,Hair Gel Curl activator,Hair Care,Tube,60,45.11,0,10,,LINMMDE7RJT0094,FALSE
Dettol Antiseptic Disinfectant,Hand Sanitizer,Other,Piece,150,112.78,0,10,,LINMMDE7RJT0095,FALSE
Pure Glycerine,Glycerin,Oils & Serums,Piece,50,37.59,0,10,,LINMMDE7RJT0096,FALSE
Bisacodyl 5MG,Bisacodyl,Gastrointestinal,Tablet,10,7.52,0,10,,LINMMDE7RJT0097,FALSE
Levocetrizine 2.5MG,Levocetirizine,Antihistamines,Tablet,350,263.16,0,10,,LINMMDE7RJT0098,FALSE
MTZ 200MG/5ML,Metronidazole,Antibiotics,Bottle,100,75.19,0,10,,LINMMDE7RJT0099,FALSE
Velvex 200gms,Cotton Wool 200gms,Other,Piece,100,75.19,0,10,,LINMMDE7RJT0100,FALSE
non med,Bladder,Other,Piece,50,37.59,0,10,,LINMMDE7RJT0101,FALSE
Lasix 40MG,Furosemide 40mg,Cardiovascular,Tablet,2,1.5,0,10,,LINMMDE7RJT0102,FALSE
Alacot Ds 0.2%V/V,Olopatadine,Antihistamines,Piece,600,451.13,0,10,,LINMMDE7RJU0103,FALSE
Babycare 100g,,General Accessories,Piece,80,60.15,0,10,,LINMMDE7RJU0104,FALSE
pure Glycerine 100ml,Glycerine,Oils & Serums,Bottle,100,75.19,0,10,,LINMMDE7RJU0105,FALSE
Lucozid 400ml,Lucozid 350,Vitamins & Supplements,Bottle,350,263.16,0,10,,LINMMDE7RJU0106,FALSE
Promethazine 25MG,Promethazine,Antihistamines,Tablet,5,3.76,0,10,,LINMMDE7RJU0107,FALSE
Epiderm Cream 0.643MG / 1GM / 1GM,Betamethasone / Gentamicin,Antibiotics,Tube,100,75.19,0,10,,LINMMDE7RJU0108,FALSE
Hydrocort Inj,S hydro,Other,Vial,200,150.38,0,10,,LINMMDE7RJU0109,FALSE
Secnid Ds,Secnidazole,Antibiotics,Piece,100,75.19,0,10,,LINMMDE7RJU0110,FALSE
Surdex 1MG/5ML / 125MG/5ML / 2.5MG,Chlorpheniramine / Paracetamol / Phenylephrine,Painkillers,Bottle,250,187.97,0,10,,LINMMDE7RJU0111,FALSE
Letrax 40MG,Levamisole,Antibiotics,Tablet,20,15.04,0,10,,LINMMDE7RJU0112,FALSE
Miadi chemical 100MG,Miadi Chemical,Other,Tablet,200,150.38,0,10,,LINMMDE7RJU0113,FALSE
Kaluma King Plus 400MG / 50MG / 200MG,Aspirin (Acetylsalicylic Acid) / Caffeine / Paracetamol,Painkillers,Tablet,20,15.04,0,10,,LINMMDE7RJU0114,FALSE
Duphaston 10MG,Abacavir,Other,Tablet,90,67.67,0,10,,LINMMDE7RJU0115,FALSE
Qtex kubwa,,Clothing & Apparel,Piece,60,45.11,0,10,,LINMMDE7RJU0116,FALSE
Eflaron Plus Tablet,Diloxanide / Metronidazole,Antibiotics,Tablet,100,89.38,0,10,,LINMMDE7RJU0117,FALSE
Labesten Cream 1%W/W,Clotrimazole,Antifungals,Tube,100,75.19,0,10,,LINMMDE7RJU0118,FALSE
Benzyl Benzoate (Covigen) 25%W,Benzyl Benzoate,Antifungals,Piece,100,75.19,0,10,,LINMMDE7RJU0119,FALSE
Ribena 500ml,,Vitamins & Supplements,Bottle,320,240.6,0,10,,LINMMDE7RJU0120,FALSE
Velvex 100GM,Cotton Wool,Other,Piece,100,75.19,0,10,,LINMMDE7RJU0121,FALSE
Coldcap Gen,Caffeine / Paracetamol / Pseudoephedrine,Painkillers,Capsule,10,7.52,0,10,,LINMMDE7RJU0122,FALSE
skala lotion,Skala Lotion,Oils & Serums,Piece,60,45.11,0,10,,LINMMDE7RJU0123,FALSE
Benylin Wet Cough Menthol,Cough Expectorant,Painkillers,Bottle,100,75.19,0,10,,LINMMDE7RJU0124,FALSE
Oxinus 5MG,Oxybutynin,Gastrointestinal,Tablet,30,25,0,10,,LINMMDE7RJU0125,FALSE
Razer Blade,,General Accessories,Piece,15,11.28,0,10,,LINMMDE7RJU0126,FALSE
Insulin Syringes 50IU,Insulin Aspart,Diabetes,Piece,50,37.59,0,10,,LINMMDE7RJU0127,FALSE
Olworm 400MG/10ML,Albendazole,Antibiotics,Bottle,50,37.59,0,10,,LINMMDE7RJU0128,FALSE
Rufenac Gel 1%W,Diclofenac,Painkillers,Tube,100,75.19,0,10,,LINMMDE7RJU0129,FALSE
Betason Cream 0.1%W,Betamethasone,Dermatology,Tube,100,75.19,0,10,,LINMMDE7RJU0130,FALSE
IFAS 200MG / 400MCG,Ferrous Sulfate / Folic Acid,Vitamins & Supplements,Tablet,5,3.76,0,10,,LINMMDE7RJU0131,FALSE
Tridex,Ammonium Hydrochloride / Diphenhydramine / Promethazine,Antihistamines,Piece,150,112.78,0,10,,LINMMDE7RJV0132,FALSE
Abgenta 0.3%W/V,Gentamicin,Antibiotics,Piece,100,75.19,0,10,,LINMMDE7RJV0133,FALSE
Rilif Mr 100MG / 375MG / 500MG,Aceclofenac / Chlorzoxazone / Paracetamol,Painkillers,Tablet,50,37.59,0,10,,LINMMDE7RJV0134,FALSE
Celex-B 200MG,Celecoxib,Painkillers,Tablet,50,37.59,0,10,,LINMMDE7RJV0135,FALSE
Brufen 200mg,Ibuprofen,Painkillers,Tablet,2,1,0,10,,LINMMDE7RJV0136,FALSE
arimis SMALL,Arimis,Oils & Serums,Piece,40,30.08,0,10,,LINMMDE7RJV0137,FALSE
aldomet 250MG,Methyldopa,Cardiovascular,Tablet,10,7.52,0,10,,LINMMDE7RJV0138,FALSE
Bonsens water 400ml,Bonsens water,General Accessories,Bottle,40,30.08,0,10,,LINMMDE7RJV0139,FALSE
Malafin 25MG / 500MG,Pyrimethamine / Sulfadoxine,Antibiotics,Tablet,40,30.08,0,10,,LINMMDE7RJV0140,FALSE
Cpm syrup 60ml 2MG/5ML,Chlorpheniramine,Antihistamines,Bottle,50,37.59,0,10,,LINMMDE7RJV0141,FALSE
Bisocard-5 5MG,Bisoprolol,Cardiovascular,Tablet,35,26.32,0,10,,LINMMDE7RJV0142,FALSE
Claxy 1 gram 800MG / 200MG,Amoxicillin / Clavulanic Acid,Antibiotics,Tablet,500,451.13,0,10,,LINMMDE7RJV0143,FALSE
Franol 200MG,Theophylline,Respiratory,Tablet,5,3,0,10,,LINMMDE7RJV0144,FALSE
Folic Acid 5MG,Folic Acid,Vitamins & Supplements,Tablet,10,7.52,0,10,,LINMMDE7RJV0145,FALSE
Babycare 55g,,General Accessories,Piece,60,45.11,0,10,,LINMMDE7RJV0146,FALSE
NS infusion,Normal Saline,Gastrointestinal,Piece,300,112.78,0,10,,LINMMDE7RJV0147,FALSE
Acetal Mr,Aceclofenac / Chlorzoxazone / Paracetamol,Painkillers,Piece,20,15.04,0,10,,LINMMDE7RJV0148,FALSE
Pylodi H.Pylori 500MG / 30MG / 500MG,Clarithromycin / Lansoprazole / Tinidazole,Antibiotics,Tablet,2000,1503.76,0,10,,LINMMDE7RJV0149,FALSE
Cosmos,Empiget 10mg,Diabetes,Tablet,70,52.63,0,10,,LINMMDE7RJV0150,FALSE
Neuro Forte 200MG / 1000MCG / 50MG,Vitamin B1 / Vitamin B12 / Vitamin B6 Pyridoxine,Vitamins & Supplements,Tablet,20,15.04,0,10,,LINMMDE7RJV0151,FALSE
Mouthwash 1%W,Povidone Iodine,Other,Piece,200,150.38,0,10,,LINMMDE7RJV0152,FALSE
bamsi hair food kubwa yellow,,Hair Care,Piece,300,225.56,0,10,,LINMMDE7RJV0153,FALSE
Huda Beauty,,Makeup,Piece,30,22.56,0,10,,LINMMDE7RJV0154,FALSE
vaseline,Vaseline,Oils & Serums,Piece,60,45.11,0,10,,LINMMDE7RJV0155,FALSE
Varinil 10,Amlodipine,Cardiovascular,Piece,10,7.5,0,10,,LINMMDE7RJV0156,FALSE
Vitamax,Multivitamin - General,Vitamins & Supplements,Piece,5,3.76,0,10,,LINMMDE7RJV0157,FALSE
Eclo 40 IV Injection 40MG,Omeprazole,Antacids,Vial,300,225.56,0,10,,LINMMDE7RJV0158,FALSE
Pyridoxin,Vitamin B6 Pyridoxine,Vitamins & Supplements,Piece,10,7.52,0,10,,LINMMDE7RJV0159,FALSE
Lazope 30MG,Lansoprazole,Antacids,Tablet,30,22.56,0,10,,LINMMDE7RJV0160,FALSE
Scrubbing brush Kubwa,,General Accessories,Piece,60,45.11,0,10,,LINMMDE7RJV0161,FALSE
Mediwool,Cotton Wool,Other,Piece,200,150.38,0,10,,LINMMDE7RJV0162,FALSE
Bata Bullets,,Footwear,Piece,300,225.56,0,10,,LINMMDE7RJV0163,FALSE
HIV Test Kit (Determine-1/2) /,Test: Hiv / Test: Syphilis Vdrl,Other,Vial,150,112.78,0,10,,LINMMDE7RJV0164,FALSE
Ondem-Md 8MG,Ondansetron,Gastrointestinal,Tablet,300,225.56,0,10,,LINMMDE7RJV0165,FALSE
Xpen 1.M,Benzylpenicillin,Antibiotics,Piece,200,150.38,0,10,,LINMMDE7RJV0166,FALSE
super glue,Super Glue,General Accessories,Piece,30,22.56,0,10,,LINMMDE7RJV0167,FALSE
Hydrochlorothiazide 50MG,Hydrochlorothiazide,Cardiovascular,Tablet,30,22.56,0,10,,LINMMDE7RJV0168,FALSE
Septrin 100ml 200MG/5ML / 40MG/5ML,Sulfamethoxazole / Trimethoprim,Antibiotics,Bottle,100,75.19,0,10,,LINMMDE7RJV0169,FALSE
Flagyl 400mg 400MG,Metronidazole,Antibiotics,Tablet,4,3.76,0,10,,LINMMDE7RJV0170,FALSE
Methylated Spirit (Covigen) 60ml,Methylated Spirit,Other,Bottle,150,112.78,0,10,,LINMMDE7RJV0171,FALSE
Elyvate 0.1%W/W,Betamethasone,Dermatology,Piece,100,75.19,0,10,,LINMMDE7RJV0172,FALSE
Entamaxin 60 ml 10MG / 250MG / 200MG,Dicyclomine / Diloxanide / Metronidazole,Antibiotics,Tablet,150,112.78,0,10,,LINMMDE7RJV0173,FALSE
Hydrocortisone Acetate Ophthalmic Suspension 1%W,Hydrocortisone,Dermatology,Bottle,150,112.78,0,10,,LINMMDE7RJV0174,FALSE
Depo.Lydia 150MG / 1ML,Medroxyprogesterone Acetate,Other,Bottle,200,150.38,0,10,,LINMMDE7RJV0175,FALSE
Gripe Water 2.15MG/5ML / 50MG,Dill Seed Oil / Sodium Bicarbonate,Gastrointestinal,Bottle,100,75.19,0,10,,LINMMDE7RJW0176,FALSE
Blueseal,Vaseline,Oils & Serums,Piece,100,75.19,0,10,,LINMMDE7RJW0177,FALSE
Cold cap original,Caffeine / Chlorpheniramine / Paracetamol,Painkillers,Capsule,20,7.52,0,10,,LINMMDE7RJW0178,FALSE
Zinc for Adults 20MG,Zinc Sulfate,Vitamins & Supplements,Tablet,10,7.52,0,10,,LINMMDE7RJW0179,FALSE
Pharmasal,Capsicum / Methyl Nicotinate / Methyl Salicylate,Painkillers,Piece,100,75.19,0,10,,LINMMDE7RJW0180,FALSE
Bamsi Hair Fertilizer Green 50mg,Bamsi Hair Fertilizer Green,Hair Care,Tablet,60,45.11,0,10,,LINMMDE7RJW0181,FALSE
Depo-Medrol 40MG/1ML,Methylprednisolone,Dermatology,Bottle,1500,1342,0,10,,LINMMDE7RJW0182,FALSE
TN502 (30-35),,Footwear,Piece,200,150.38,0,10,,LINMMDE7RJW0183,FALSE
P2 Original,Levonorgestrel,Other,Piece,200,150.38,0,10,,LINMMDE7RJW0184,FALSE
Netazox 500MG,Nitazoxanide,Antibiotics,Tablet,500,375.94,0,10,,LINMMDE7RJW0185,FALSE
Alugel,Antacid,Antacids,Tube,150,112.78,0,10,,LINMMDE7RJW0186,FALSE
Cosgrel,Clopidogrel,Cardiovascular,Piece,15,11.28,0,10,,LINMMDE7RJW0187,FALSE
Digoxin 125MCG,Digoxin,Other,Piece,5,3.76,0,10,,LINMMDE7RJW0188,FALSE
Sekrol 15MG/5ML,Ambroxol,Respiratory,Bottle,250,187.97,0,10,,LINMMDE7RJW0189,FALSE
Fluclox 500mg 500MG,Flucloxacillin,Antibiotics,Tablet,20,15,0,10,,LINMMDE7RJW0190,FALSE
Hitoral 200MG,Ketoconazole,Antifungals,Tablet,10,7.52,0,10,,LINMMDE7RJW0191,FALSE
Coxirav 120MG,Etoricoxib,Painkillers,Tablet,35,26.32,0,10,,LINMMDE7RJW0192,FALSE
Esomod 20mg,Esomeprazole,Antacids,Tablet,10,7,0,10,,LINMMDE7RJW0193,FALSE
Sensodyne Fresh Mint,Toothpaste,General Accessories,Piece,350,225.56,0,10,,LINMMDE7RJW0194,FALSE
Lactone 25MG,Spironolactone,Cardiovascular,Tablet,10,7.52,0,10,,LINMMDE7RJW0195,FALSE
Etorix 90MG,Etoricoxib,Painkillers,Tablet,20,15.04,0,10,,LINMMDE7RJW0196,FALSE
Enzoflam 50MG / 500MG / 15MG,Diclofenac / Paracetamol / Serratopeptidase,Painkillers,Tablet,600,488,0,10,,LINMMDE7RJW0197,FALSE
Vonac Gel 1%W,Diclofenac,Painkillers,Tube,100,75.19,0,10,,LINMMDE7RJW0198,FALSE
Medical Envelopes,Medicine Envelope,Other,Piece,45,33.83,0,10,,LINMMDE7RJW0199,FALSE
Betason-S 0.05%W / 3%W,Betamethasone / Salicylic Acid,Dermatology,Piece,200,150.38,0,10,,LINMMDE7RJW0200,FALSE
Cypro-B Plus 2MG/1ML / 1MG/5ML / 0.5MG/5ML,Cyproheptadine / Thiamine / Vitamin B2 / Riboflavin,Antihistamines,Bottle,20,15.04,0,10,,LINMMDE7RJW0201,FALSE
Sabezole Drs 30MG / 20MG,Domperidone / Rabeprazole,Antacids,Tablet,40,30.08,0,10,,LINMMDE7RJW0202,FALSE
Lactulac 10GM/15ML,Lactulose,Gastrointestinal,Bottle,450,338.35,0,10,,LINMMDE7RJW0203,FALSE
Flugone 30MG / 300MG / 30MG,Caffeine / Paracetamol / Pseudoephedrine,Painkillers,Tablet,20,15.04,0,10,,LINMMDE7RJW0204,FALSE
Generic 1000MG / 500MG,Ceftriaxone / Sulbactam,Antibiotics,Tablet,300,225.56,0,10,,LINMMDE7RJW0205,FALSE
Futcare Corn Caps 40%,Salicylic Acid,Dermatology,Capsule,100,75.19,0,10,,LINMMDE7RJW0206,FALSE
Generic Adult G21,Infusion IV Giving Set,Other,Vial,20,15.04,0,10,,LINMMDE7RJW0207,FALSE
TN553 40-45,,Footwear,Piece,220,165.41,0,10,,LINMMDE7RJW0208,FALSE
Nicof 60MG/5ML / 2MG/5ML / 6MG/5ML,Ammonium Chloride / Chlorpheniramine / Diphenhydramine,Antihistamines,Bottle,100,75.19,0,10,,LINMMDE7RJW0209,FALSE
Pylotrip 1GM / 500MG / 30MG,Amoxicillin / Clarithromycin / Lansoprazole,Antibiotics,Tablet,2500,1879.7,0,10,,LINMMDE7RJW0210,FALSE
Fluclox 250mg 250MG,Flucloxacillin,Antibiotics,Tablet,100,75,0,10,,LINMMDE7RJW0211,FALSE
Zofran 4MG,Ondansetron,Gastrointestinal,Tablet,25,18.8,0,10,,LINMMDE7RJW0212,FALSE
Methylated 500ml 90%W,Methylated Spirit,Other,Bottle,150,112.78,0,10,,LINMMDE7RJW0213,FALSE
Tfine 1%W/W,Terbinafine,Antifungals,Piece,350,263.16,0,10,,LINMMDE7RJW0214,FALSE
Zincos Dispersible 20MG,Junior Zinc Sulfate,Vitamins & Supplements,Tablet,10,7.52,0,10,,LINMMDE7RJW0215,FALSE
Artane,Benzhexol,Other,Piece,5,3.76,0,10,,LINMMDE7RJW0216,FALSE
Brustan 100MG/5ML / 125MG/5ML,Ibuprofen / Paracetamol,Painkillers,Bottle,450,338.35,0,10,,LINMMDE7RJW0217,FALSE
Nice and lovely small,,Oils & Serums,Piece,100,75.19,0,10,,LINMMDE7RJW0218,FALSE
Generic Ointment 2%W,Mupirocin,Dermatology,Tube,550,413.53,0,10,,LINMMDE7RJW0219,FALSE
Varinil 5MG,Amlodipine,Cardiovascular,Tablet,10,7.52,0,10,,LINMMDE7RJW0220,FALSE
"Crepe Bandage 3""",Bandage Crepe,Other,Piece,100,75.19,0,10,,LINMMDE7RJW0221,FALSE
Plasil syrup 5MG/5ML,Metoclopramide,Gastrointestinal,Bottle,150,75.19,0,10,,LINMMDE7RJW0222,FALSE
Mediven Cream,Betamethasone,Dermatology,Tube,100,75.19,0,10,,LINMMDE7RJW0223,FALSE
Remidin 0.2%W,Chlorhexidine,Antibiotics,Piece,350,263.16,0,10,,LINMMDE7RJW0224,FALSE
Coramide 2MG,Loperamide,Gastrointestinal,Tablet,50,15.04,0,10,,LINMMDE7RJW0225,FALSE
Goldtouch Beauty Cream 5%W,Palmitic Acid,Skin Care,Tube,150,112.78,0,10,,LINMMDE7RJW0226,FALSE
Herbigor Honey & Lemon,Cough Syrup,Respiratory,Bottle,350,263.16,0,10,,LINMMDE7RJW0227,FALSE
colgate 35g,Colgate,General Accessories,Piece,70,52.63,0,10,,LINMMDE7RJW0228,FALSE
Entamaxin 250MG / 200MG,Diloxanide / Metronidazole,Antibiotics,Tablet,300,275,0,10,,LINMMDE7RJW0229,FALSE
Pdl syrup,Prednisolone,Dermatology,Bottle,250,187.97,0,10,,LINMMDE7RJX0230,FALSE
Erocin 500MG,Erythromycin,Antibiotics,Tablet,20,15.04,0,10,,LINMMDE7RJX0231,FALSE
Vermout,Mebendazole,Antibiotics,Piece,100,75.19,0,10,,LINMMDE7RJX0232,FALSE
Olopat Eye 0.1%W,Olopatadine,Antihistamines,Piece,400,300.75,0,10,,LINMMDE7RJX0233,FALSE
TN378 (18-23),,Footwear,Piece,150,112.78,0,10,,LINMMDE7RJX0234,FALSE
Otorex 2.7%W / 5%W / 2%W,Benzocaine / Chlorobutanol / Paradichlorobenzene,Eye & Ear,Piece,450,338.35,0,10,,LINMMDE7RJX0235,FALSE
Dolor Gel 1%W,Diclofenac,Painkillers,Tube,100,52.63,0,10,,LINMMDE7RJX0236,FALSE
Lucozid 120 150,Lucozid 120,Vitamins & Supplements,Piece,120,90.23,0,10,,LINMMDE7RJX0237,FALSE
T.E.O,Tetracycline,Other,Piece,50,37.59,0,10,,LINMMDE7RJX0238,FALSE
KY  6016 (40-45),,Footwear,Piece,250,187.97,0,10,,LINMMDE7RJX0239,FALSE
Cartisafe Forte 250MG / 750MG / 200MG,Calcium / Glucosamine / Methylsulfonylmethane,Vitamins & Supplements,Tablet,50,37.59,0,10,,LINMMDE7RJX0240,FALSE
Drox 500MG,Cefadroxil,Antibiotics,Tablet,35,26.32,0,10,,LINMMDE7RJX0241,FALSE
Anomex 0.25%W / 3%W / 0.5%W,Hydrocortisone / Lidocaine (Lignocaine) / Zinc Oxide,Vitamins & Supplements,Piece,650,488.72,0,10,,LINMMDE7RJX0242,FALSE
Ventolin Inhaler,Salbutamol,Respiratory,Piece,600,451.13,0,10,,LINMMDE7RJX0243,FALSE
Ventolin tabs 4MG,Salbutamol,Respiratory,Tablet,20,15.04,0,10,,LINMMDE7RJX0244,FALSE
Seven Seas,Cod Liver,Vitamins & Supplements,Piece,750,650,0,10,,LINMMDE7RJX0245,FALSE
Generic 50GM,Cotton Wool,Other,Piece,50,37.59,0,10,,LINMMDE7RJX0246,FALSE
Melcam 15mg,Meloxicam,Painkillers,Tablet,20,15.04,0,10,,LINMMDE7RJX0247,FALSE
hair ring,Hair Ring,Hair Accessories,Piece,50,37.59,0,10,,LINMMDE7RJX0248,FALSE
Oxifast-P 4MG / 500MG,Lornoxicam / Paracetamol,Painkillers,Tablet,50,37.59,0,10,,LINMMDE7RJX0249,FALSE
Hydrochlorothiazide 25MG,Hydrochlorothiazide,Cardiovascular,Tablet,25,18.8,0,10,,LINMMDE7RJX0250,FALSE
Qtex,,Clothing & Apparel,Piece,30,22.56,0,10,,LINMMDE7RJX0251,FALSE
Canazol Vaginal 200MG,Clotrimazole,Antifungals,Tablet,150,112.78,0,10,,LINMMDE7RJX0252,FALSE
Nice and lovely 360ml kubwa,,Oils & Serums,Bottle,350,263.16,0,10,,LINMMDE7RJX0253,FALSE
Nervi Doc 50MG,Vitamin B3 Nicotinamide,Vitamins & Supplements,Tablet,80,60.15,0,10,,LINMMDE7RJX0254,FALSE
Funbact-A 0.05%W / 1%W/W / 0.5%W/W,Betamethasone / Clotrimazole / Neomycin,Antibiotics,Piece,250,187.97,0,10,,LINMMDE7RJX0255,FALSE
Phenobarbital,Phenobarbital (Phenobarbitone),Other,Piece,30,22.56,0,10,,LINMMDE7RJX0256,FALSE
Kitchen Towel,,General Accessories,Piece,150,112.78,0,10,,LINMMDE7RJX0257,FALSE
Glucophage 1000MG,Metformin,Diabetes,Tablet,10,7.52,0,10,,LINMMDE7RJX0258,FALSE
Olastar,Olanzapine 10mg,Other,Tablet,20,15.04,0,10,,LINMMDE7RJX0259,FALSE
Good Morning,Cough Syrup,Respiratory,Bottle,150,112.78,0,10,,LINMMDE7RJX0260,FALSE
Gacet 250MG,Paracetamol,Painkillers,Tablet,50,37.59,0,10,,LINMMDE7RJX0261,FALSE
Piroxicam 20MG,Piroxicam,Painkillers,Tablet,5,3.76,0,10,,LINMMDE7RJX0262,FALSE
Esomod 40,Esomeprazole,Antacids,Piece,20,15.04,0,10,,LINMMDE7RJX0263,FALSE
Ridon,Domperidone,Gastrointestinal,Piece,10,7.52,0,10,,LINMMDE7RJX0264,FALSE
Osteocare,Glucosamine / Multivitamin - Bones,Vitamins & Supplements,Piece,30,22.56,0,10,,LINMMDE7RJX0265,FALSE
Gludown,Metformin,Diabetes,Piece,5,4,0,10,,LINMMDE7RJX0266,FALSE
Black Shampo Dexe,,Hair Care,Piece,50,37.59,0,10,,LINMMDE7RJX0267,FALSE
Blue Cannula G22,Cannula - IV,Other,Vial,20,15.04,0,10,,LINMMDE7RJX0268,FALSE
Aceclofenac 100mg,Aceclofenac,Painkillers,Tablet,10,7.52,0,10,,LINMMDE7RJX0269,FALSE
watch,Watch,General Accessories,Piece,70,52.63,0,10,,LINMMDE7RJX0270,FALSE
Plain,BG Glutamin,Vitamins & Supplements,Piece,20,15.04,0,10,,LINMMDE7RJX0271,FALSE
Hb Test,,Other,Piece,200,150.38,0,10,,LINMMDE7RJX0272,FALSE
Ibugesic 100MG/5ML / 125MG/5ML,Ibuprofen / Paracetamol,Painkillers,Bottle,150,112.78,0,10,,LINMMDE7RJX0273,FALSE
TML 0.5%W,Timolol,Eye & Ear,Piece,250,187.97,0,10,,LINMMDE7RJX0274,FALSE
PCM syrup 10ml 120MG/5ML,Paracetamol,Painkillers,Bottle,100,75.19,0,10,,LINMMDE7RJX0275,FALSE
Stomacid 120MG / 250MG,Aluminium / Magnesium,Antacids,Tablet,10,7.5,0,10,,LINMMDE7RJX0276,FALSE
Clarythro 500mg,Clarithromycin,Antibiotics,Tablet,45,33.83,0,10,,LINMMDE7RJX0277,FALSE
Movit  styling H. Gel Chemical,,Hair Care,Tube,200,150.38,0,10,,LINMMDE7RJX0278,FALSE
Ingrams,Omega-3,Vitamins & Supplements,Piece,25,18.8,0,10,,LINMMDE7RJX0279,FALSE
Clotrine B Cream 0.05%W / 1%W,Betamethasone / Clotrimazole,Antifungals,Tube,150,112.78,0,10,,LINMMDE7RJX0280,FALSE
Talgentis 5MG,Tadalafil,Other,Tablet,60,45.11,0,10,,LINMMDE7RJX0281,FALSE
Lum-Artrm  Susp 180MG / 1080MG,Artemether / Lumefantrine,Antibiotics,Bottle,150,112.78,0,10,,LINMMDE7RJX0282,FALSE
Neopeptine Rb 20MG / 2MG / 10MG,Alpha Amylase / Dill Seed Oil / Papain,Gastrointestinal,Tablet,450,338.35,0,10,,LINMMDE7RJX0283,FALSE
Waxoff,,Other,Piece,250,187.97,0,10,,LINMMDE7RJX0284,FALSE
L-Montus 5MG / 10MG,Levocetirizine / Montelukast,Antihistamines,Tablet,50,37.59,0,10,,LINMMDE7RJY0285,FALSE
CPM (Rinovil / Niramin) 4MG,Chlorpheniramine,Antihistamines,Tablet,2,1.5,0,10,,LINMMDE7RJY0286,FALSE
Acnesol Cream 0.05%W,Tretinoin,Dermatology,Tube,300,225.56,0,10,,LINMMDE7RJY0287,FALSE
Jointace /  /,Chondroitin / Glucosamine / Multivitamin - General,Vitamins & Supplements,Piece,70,52.63,0,10,,LINMMDE7RJY0288,FALSE
Body luxe spray,,Perfumes & Fragrances,Piece,120,90.23,0,10,,LINMMDE7RJY0289,FALSE
Bluesal,Vaseline,Oils & Serums,Piece,380,285.71,0,10,,LINMMDE7RJY0290,FALSE
Natoa,Mebendazole,Antibiotics,Piece,100,75.19,0,10,,LINMMDE7RJY0291,FALSE
Eflaron Plus syrup 125MG/5ML / 100MG/5ML,Diloxanide / Metronidazole,Antibiotics,Bottle,200,159.8,0,10,,LINMMDE7RJY0292,FALSE
Claxyclav 625mg,Amoxicillin / Clavulanic Acid,Antibiotics,Tablet,40,25,0,10,,LINMMDE7RJY0293,FALSE
Sign Kit 1000MG / 500MG / 20MG,Amoxicillin / Clarithromycin / Esomeprazole,Antibiotics,Tablet,3000,2500,0,10,,LINMMDE7RJY0294,FALSE
loratidine 10mg 10MG,Loratadine,Antihistamines,Tablet,10,5,0,10,,LINMMDE7RJY0295,FALSE
Pink Cannula G20,Cannula - IV,Other,Vial,20,15.04,0,10,,LINMMDE7RJY0296,FALSE
Femiplan,Ethinylestradiol / Levonorgestrel,Other,Piece,120,90.23,0,10,,LINMMDE7RJY0297,FALSE
Diclofenac Sodium Injection 75MG/3ML,Diclofenac,Painkillers,Bottle,200,150.38,0,10,,LINMMDE7RJY0298,FALSE
Epilim 200MG,Valproic Acid,Other,Tablet,2100,1578.95,0,10,,LINMMDE7RJY0299,FALSE
valon,Valon Medium,Clothing & Apparel,Piece,150,112.78,0,10,,LINMMDE7RJY0300,FALSE
Hycin 5MG/5ML,Hyoscine Butylbromide,Gastrointestinal,Bottle,150,112.78,0,10,,LINMMDE7RJY0301,FALSE
Dulcolax 5MG,Bisacodyl,Gastrointestinal,Tablet,50,37.59,0,10,,LINMMDE7RJY0302,FALSE
Dyrasun 250MG / 200MG,Diloxanide / Metronidazole,Antibiotics,Tablet,300,225.56,0,10,,LINMMDE7RJY0303,FALSE
Nil Worm,Albendazole,Antibiotics,Piece,50,37.59,0,10,,LINMMDE7RJY0304,FALSE
plasil inj 10MG/2ML,Metoclopramide,Gastrointestinal,Bottle,200,150.38,0,10,,LINMMDE7RJY0305,FALSE
Ranferon 5MCG / 305MG / 0.75MG,Cyanocobalamin / Ferrous Fumarate / Folic Acid,Vitamins & Supplements,Tablet,20,15.04,0,10,,LINMMDE7RJY0306,FALSE
Superior SIZE 23,Blade Surgical,Other,Piece,20,15.04,0,10,,LINMMDE7RJY0307,FALSE
Safe/Choice-72 0.75MG,Levonorgestrel,Other,Tablet,100,75.19,0,10,,LINMMDE7RJY0308,FALSE
Concor 5MG,Bisoprolol,Cardiovascular,Tablet,35,26.32,0,10,,LINMMDE7RJY0309,FALSE
Mefenamic 500MG,Mefenamic Acid,Painkillers,Tablet,15,11.28,0,10,,LINMMDE7RJY0310,FALSE
Cerecare 500MG,Citicoline Sodium,Other,Tablet,100,75.19,0,10,,LINMMDE7RJY0311,FALSE
Kaluma Strong Ya kumeza 400MG / 50MG / 200MG,Aspirin (Acetylsalicylic Acid) / Caffeine / Paracetamol,Painkillers,Tablet,20,15.04,0,10,,LINMMDE7RJY0312,FALSE
Cetzan-10 10MG,Cetirizine,Antihistamines,Tablet,5,3.76,0,10,,LINMMDE7RJY0313,FALSE
Benzhexol 5MG,Trihexyphenidyl,Other,Tablet,5,3.76,0,10,,LINMMDE7RJY0314,FALSE
Levoflox 500mg 500MG,Levofloxacin,Antibiotics,Tablet,35,20,0,10,,LINMMDE7RJY0315,FALSE
Atenol 50MG,Atenolol,Cardiovascular,Tablet,15,11.28,0,10,,LINMMDE7RJY0316,FALSE
Seprin 200MG/5ML / 40MG/5ML,Sulfamethoxazole / Trimethoprim,Antibiotics,Bottle,50,37.59,0,10,,LINMMDE7RJY0317,FALSE
Baby Powder,,General Accessories,Box,30,22.56,0,10,,LINMMDE7RJY0318,FALSE
Sulphur 10%W/W,Sulfur,Dermatology,Piece,100,75.19,0,10,,LINMMDE7RJY0319,FALSE
Artemether Injection,Artemether,Antibiotics,Vial,200,150.38,0,10,,LINMMDE7RJY0320,FALSE
Protas 20MG,Esomeprazole,Antacids,Tablet,20,15.04,0,10,,LINMMDE7RJY0321,FALSE
Dye subaru,,Hair Care,Piece,100,75.19,0,10,,LINMMDE7RJY0322,FALSE
Posnide 1%W,Povidone Iodine,Other,Piece,150,112.78,0,10,,LINMMDE7RJY0323,FALSE
Cephastal 125MG/5ML,Cefalexin,Antibiotics,Bottle,200,150.38,0,10,,LINMMDE7RJY0324,FALSE
Generic Paediatric 4MG,Montelukast,Respiratory,Tablet,30,22.56,0,10,,LINMMDE7RJY0325,FALSE
Fastum 2.5GM/GM,Ketoprofen,Painkillers,Piece,3200,2406.02,0,10,,LINMMDE7RJY0326,FALSE
Nogluc,Glibenclamide,Diabetes,Piece,7.5,3,0,10,,LINMMDE7RJY0327,FALSE
Amoxil 60ml,Amoxicillin,Antibiotics,Bottle,50,37.59,0,10,,LINMMDE7RJY0328,FALSE
Bangle ya mkono,,General Accessories,Piece,50,37.59,0,10,,LINMMDE7RJY0329,FALSE
Menthoplus Balm,Menthol,Painkillers,Piece,50,37.59,0,10,,LINMMDE7RJY0330,FALSE
Glucomet Film Coated 500MG,Glucomet 500,Diabetes,Tablet,5,3.76,0,10,,LINMMDE7RJY0331,FALSE
chain,Chain,General Accessories,Piece,100,75.19,0,10,,LINMMDE7RJY0332,FALSE
Dexa eye drops 0.1%W,Dexamethasone,Eye & Ear,Bottle,250,187.97,0,10,,LINMMDE7RJY0333,FALSE
Cefixime 400mg,Cefixime,Antibiotics,Tablet,40,30.08,0,10,,LINMMDE7RJY0334,FALSE
KY 60-17,,Other,Piece,250,187.97,0,10,,LINMMDE7RJY0335,FALSE
Acirax 5%W/W,Acyclovir,Antibiotics,Piece,250,187.97,0,10,,LINMMDE7RJY0336,FALSE
Brufen 100ml,Ibuprofen,Painkillers,Bottle,100,75.19,0,10,,LINMMDE7RJY0337,FALSE
Olcort,Hydrocortisone,Dermatology,Piece,100,75.19,0,10,,LINMMDE7RJY0338,FALSE
Arimis Ndogo,,Oils & Serums,Piece,25,18.8,0,10,,LINMMDE7RJY0339,FALSE
Tacrovate 0.3MG/GM,Tacrolimus,Dermatology,Tablet,900,676.69,0,10,,LINMMDE7RJY0340,FALSE
Atstat 20MG,Atorvastatin,Cardiovascular,Tablet,20,15.04,0,10,,LINMMDE7RJY0341,FALSE
Generic / 500ML,Hartmann's Solution / Ringer's Lactate,Gastrointestinal,Bottle,300,225.56,0,10,,LINMMDE7RJY0342,FALSE
Nosfree Saline Nasal Drops 0.9%W,Normal Saline,Gastrointestinal,Bottle,100,75.19,0,10,,LINMMDE7RJZ0343,FALSE
Norash 1.5%W/W / 20%W/W / 7.5%W,Calamine Lotion / Dimethicone / Zinc Oxide,Vitamins & Supplements,Piece,400,300.75,0,10,,LINMMDE7RJZ0344,FALSE
Ribena,,Vitamins & Supplements,Piece,120,90.23,0,10,,LINMMDE7RJZ0345,FALSE
PCM I.V 10MG/1ML,Paracetamol,Painkillers,Bottle,500,375.94,0,10,,LINMMDE7RJZ0346,FALSE
Tegretol,Carbamazepine,Other,Piece,7.5,5,0,10,,LINMMDE7RJZ0347,FALSE
Softcare Baby Diaper LARGE,Diapers,General Accessories,Piece,140,105.26,0,10,,LINMMDE7RJZ0348,FALSE
Fincar 5MG,Finasteride,Cardiovascular,Tablet,130,97.74,0,10,,LINMMDE7RJZ0349,FALSE
Buscopan i.v 20MG/1ML,Hyoscine Butylbromide,Gastrointestinal,Bottle,200,150.38,0,10,,LINMMDE7RJZ0350,FALSE
PCM 60ml 120MG/5ML,Paracetamol,Painkillers,Bottle,50,37.59,0,10,,LINMMDE7RJZ0351,FALSE
Ascard,Aspirin (Acetylsalicylic Acid),Painkillers,Piece,5,3.9,0,10,,LINMMDE7RJZ0352,FALSE
Vitamin,Vitamin B Complex,Vitamins & Supplements,Piece,200,150,0,10,,LINMMDE7RJZ0353,FALSE
Celestamine,Betamethasone / Dexchlorpheniramine,Antihistamines,Piece,20,15.04,0,10,,LINMMDE7RJZ0354,FALSE
Imaxone,Ceftriaxone,Antibiotics,Piece,200,150.38,0,10,,LINMMDE7RJZ0355,FALSE
Watch Kubwa,,General Accessories,Piece,180,135.34,0,10,,LINMMDE7RJZ0356,FALSE
Carticare Forte 200MG / 750MG,Chondroitin / Glucosamine,Vitamins & Supplements,Tablet,65,48.87,0,10,,LINMMDE7RJZ0357,FALSE
Scrubbing brush ndogo,,General Accessories,Piece,50,37.59,0,10,,LINMMDE7RJZ0358,FALSE
Glucomet Film Coated 850MG,Metformin,Diabetes,Tablet,10,7.52,0,10,,LINMMDE7RJZ0359,FALSE
Stugeron 25MG,Cinnarizine,Cardiovascular,Tablet,25,18.8,0,10,,LINMMDE7RJZ0360,FALSE
"Medicrepe 3""",Bandage Gauze,Other,Piece,100,75.19,0,10,,LINMMDE7RJZ0361,FALSE
Cyclopam-P 20MG / 500MG,Dicycloverine Hydrochloride / Paracetamol,Painkillers,Tablet,30,25,0,10,,LINMMDE7RJZ0362,FALSE
Bamsi Styling Hair Gel,,Hair Care,Tube,100,75.19,0,10,,LINMMDE7RJZ0363,FALSE
Hydralazine 25MG,Hydralazine,Cardiovascular,Tablet,10,7.52,0,10,,LINMMDE7RJZ0364,FALSE
Just Zinc 20MG,Zinc Sulfate,Vitamins & Supplements,Tablet,10,7.52,0,10,,LINMMDE7RJZ0365,FALSE
Panadol Extra,Caffeine / Paracetamol,Painkillers,Piece,10,7,0,10,,LINMMDE7RJZ0366,FALSE
ctx-480mg 400MG / 80MG,Sulfamethoxazole / Trimethoprim,Antibiotics,Tablet,5,3,0,10,,LINMMDE7RJZ0367,FALSE
Emitoss 4MG,Ondansetron,Gastrointestinal,Tablet,50,37.59,0,10,,LINMMDE7RJZ0368,FALSE
Steron 5MG,Norethisterone,Other,Tablet,30,22.56,0,10,,LINMMDE7RJZ0369,FALSE
Cefuroxime 500mg,,Antibiotics,Tablet,40,30.08,0,10,,LINMMDE7RJZ0370,FALSE
Malaria RDT,Test: Malaria Rdt,Other,Piece,100,75.19,0,10,,LINMMDE7RJZ0371,FALSE
Panadol Advance,Paracetamol,Painkillers,Piece,5,3.76,0,10,,LINMMDE7RJZ0372,FALSE
Flatameal Ds 200MG/5ML / 400MG/5ML / 30MG/5ML,Aluminium / Magnesium / Simethicone,Antacids,Bottle,400,300.75,0,10,,LINMMDE7RJZ0373,FALSE
Entamaxin 100ml 10MG / 250MG / 200MG,Dicyclomine / Diloxanide / Metronidazole,Antibiotics,Bottle,250,187.97,0,10,,LINMMDE7RJZ0374,FALSE
Cripton 2.5MG,Bromocriptine,Other,Tablet,50,37.59,0,10,,LINMMDE7RJZ0375,FALSE
Bamsi moulding Gel Wax,,Hair Care,Tube,180,135.34,0,10,,LINMMDE7RJZ0376,FALSE
Dexa tabs 0.5MG,Dexamethasone,Other,Tablet,10,7.52,0,10,,LINMMDE7RJZ0377,FALSE
Lobak 250MG / 50MG / 325MG,Chlorzoxazone / Diclofenac / Paracetamol,Painkillers,Tablet,20,15.04,0,10,,LINMMDE7RJZ0378,FALSE
Roseleaf ndogo,,Oils & Serums,Piece,100,75.19,0,10,,LINMMDE7RJZ0379,FALSE
Flagyl 200mg 200MG,Metronidazole,Antibiotics,Tablet,2,1.5,0,10,,LINMMDE7RJZ0380,FALSE
Lonet 50MG,Atenolol,Cardiovascular,Tablet,10,7.52,0,10,,LINMMDE7RJZ0381,FALSE
Generic Scored 5MG,Carbimazole,Other,Tablet,5,3.76,0,10,,LINMMDE7RJZ0382,FALSE
Cefalexin 500mg 500MG,Cefalexin,Antibiotics,Tablet,15,11.28,0,10,,LINMMDE7RJZ0383,FALSE
Tavent CFC Free,Salbutamol,Respiratory,Piece,450,338.35,0,10,,LINMMDE7RJZ0384,FALSE
Glycerine,Glycerin,Oils & Serums,Piece,50,37.59,0,10,,LINMMDE7RJZ0385,FALSE
Lanso H. Pylori 1000MG / 500MG / 20MG,Amoxicillin / Clarithromycin / Esomeprazole,Antibiotics,Tablet,1500,1127.82,0,10,,LINMMDE7RJZ0386,FALSE
Carditan,Losartan,Cardiovascular,Piece,10,7.52,0,10,,LINMMDE7RJZ0387,FALSE
Lacof Paediatric,Cough Syrup,Respiratory,Bottle,150,112.78,0,10,,LINMMDE7RJZ0388,FALSE
Xarelto 15MG,Rivaroxaban,Cardiovascular,Tablet,75,56.39,0,10,,LINMMDE7RJZ0389,FALSE
Cartilforte 150MG / 300MG,Chondroitin / Glucosamine,Vitamins & Supplements,Tablet,70,52.63,0,10,,LINMMDE7RJZ0390,FALSE
Pharmasal 0.1%W / 1%W / 5%W,Capsicum / Methyl Nicotinate / Methyl Salicylate,Painkillers,Piece,500,375.94,0,10,,LINMMDE7RJZ0391,FALSE
Indocid,Indomethacin,Painkillers,Piece,10,8,0,10,,LINMMDE7RJZ0392,FALSE
cerecare plus,Ceregare Plus,Other,Piece,150,112.78,0,10,,LINMMDE7RJZ0393,FALSE
Eye Pencil,,Makeup,Piece,30,22.56,0,10,,LINMMDE7RJZ0394,FALSE
Relcer Gel,Antacid,Antacids,Tube,350,263.16,0,10,,LINMMDE7RJZ0395,FALSE
Diagluc 80MG,Gliclazide,Diabetes,Tablet,25,18.8,0,10,,LINMMDE7RJZ0396,FALSE
Ampiclox 500mg 500mg,Ampicillin / Cloxacillin,Antibiotics,Tablet,10,7.5,0,10,,LINMMDE7RJZ0397,FALSE
Zink DT Dispersible 20MG,Zinc Sulfate,Vitamins & Supplements,Tablet,10,7.52,0,10,,LINMMDE7RJZ0398,FALSE
Parkin 5MG,Benzhexol,Other,Tablet,10,7.52,0,10,,LINMMDE7RJZ0399,FALSE
BamBamsi Hair Food Yellow 50MG,BamBamsi Hair Food Yellow,Hair Care,Tablet,60,45.11,0,10,,LINMMDE7RJZ0400,FALSE
Generic 10%W,Dextrose,Gastrointestinal,Piece,300,225.56,0,10,,LINMMDE7RK00401,FALSE
Lysodol-P,Aceclofenac / Paracetamol,Painkillers,Piece,20,15.04,0,10,,LINMMDE7RK00402,FALSE
Bamsi hair Food yellow ndogo,,Hair Care,Piece,60,45.11,0,10,,LINMMDE7RK00403,FALSE
Black rose dye,,Hair Care,Piece,30,22.56,0,10,,LINMMDE7RK00404,FALSE
Cypro-B Plus Syrup 2MG/5ML / 1MG/5ML / 0.5MG,Cyproheptadine / Thiamine / Vitamin B2 / Riboflavin,Antihistamines,Bottle,350,263.16,0,10,,LINMMDE7RK00405,FALSE
Scotts Emulsion 72.5MG/15ML / 850IU/15ML / 85IU/15ML,Sodium Hypophosphite / Vitamin A Retinoids / Vitamin D Cholecalciferol,Vitamins & Supplements,Bottle,400,300.75,0,10,,LINMMDE7RK00406,FALSE
Strepsils Regular,Lozenges,Other,Piece,50,37.59,0,10,,LINMMDE7RK00407,FALSE
Skala spray,,Oils & Serums,Piece,150,112.78,0,10,,LINMMDE7RK00408,FALSE
Omega-H3,Omega-3,Vitamins & Supplements,Piece,55,41.35,0,10,,LINMMDE7RK00409,FALSE
Acyclovir 400mg 400MG,Acyclovir,Antibiotics,Tablet,30,22.56,0,10,,LINMMDE7RK00410,FALSE
Lipstick,,Makeup,Piece,50,37.59,0,10,,LINMMDE7RK00411,FALSE
sifa,Savviet,General Accessories,Piece,100,75.19,0,10,,LINMMDE7RK00412,FALSE
Cartil Forte 200MG / 500MG,Chondroitin / Glucosamine,Vitamins & Supplements,Tablet,70,52.63,0,10,,LINMMDE7RK00413,FALSE
Hedex,Aspirin (Acetylsalicylic Acid) / Caffeine / Paracetamol,Painkillers,Piece,10,7.52,0,10,,LINMMDE7RK00414,FALSE
Levocet 10mg 5MG,Levocetirizine,Antihistamines,Tablet,10,7.52,0,10,,LINMMDE7RK00415,FALSE
Elastoplast,Plaster - Fabric,Other,Piece,10,7.52,0,10,,LINMMDE7RK00416,FALSE
Onecid 250MG/15ML / 200MG/15ML / 250MG/15ML,Aluminium / Antacid / Magnesium,Antacids,Bottle,100,75.19,0,10,,LINMMDE7RK00417,FALSE
ceregard forte,Ceregard Forte,Other,Piece,2000,1503.76,0,10,,LINMMDE7RK00418,FALSE
Bamsi styling Gel kubwa clear,,Hair Care,Tube,200,150.38,0,10,,LINMMDE7RK00419,FALSE
Fanlar,Pyrimethamine / Sulfadoxine,Antibiotics,Piece,50,37.59,0,10,,LINMMDE7RK00420,FALSE
Ciproken,Ciprofloxacin,Antibiotics,Piece,200,150.38,0,10,,LINMMDE7RK00421,FALSE
Other always,Pad,Other,Piece,60,45.11,0,10,,LINMMDE7RK00422,FALSE
Tranzenamic,Tranexamic Acid,Gastrointestinal,Piece,50,37.59,0,10,,LINMMDE7RK00423,FALSE
Tricohist,Cough Syrup,Respiratory,Bottle,70,52.63,0,10,,LINMMDE7RK00424,FALSE
Jumbo Roll 800 Sheets,Tissue Paper,General Accessories,Piece,90,67.67,0,10,,LINMMDE7RK00425,FALSE
Clozole 1%W,Clotrimazole,Antifungals,Piece,100,75.19,0,10,,LINMMDE7RK00426,FALSE
Amoxil 250mg 250MG,Amoxicillin,Antibiotics,Tablet,4,3.01,0,10,,LINMMDE7RK00427,FALSE
Tramadol 50MG,Tramadol,Painkillers,Tablet,10,7.52,0,10,,LINMMDE7RK00428,FALSE
Tinisky,Tinidazole,Antibiotics,Piece,20,15.04,0,10,,LINMMDE7RK00429,FALSE
Amoxil 100ml,Amoxicillin,Antibiotics,Bottle,100,75.19,0,10,,LINMMDE7RK00430,FALSE
Non-Absorbable Surgical Needle Suture 26MM / NO.3,Needle - Cutting / Suture - Nylon,Other,Piece,500,375.94,0,10,,LINMMDE7RK00431,FALSE
Salbutamol syrup 60ml 2MG/5ML,Salbutamol,Respiratory,Bottle,50,37.59,0,10,,LINMMDE7RK00432,FALSE
Dawastin 100000IU/1ML,Nystatin,Antifungals,Bottle,150,112.78,0,10,,LINMMDE7RK00433,FALSE
face towel,Face Towel,General Accessories,Piece,50,37.59,0,10,,LINMMDE7RK00434,FALSE
Olastat 5 5MG,Olanzapine,Other,Tablet,15,10,0,10,,LINMMDE7RK00435,FALSE
Relax Mentho Balm,Menthol,Painkillers,Piece,40,30.08,0,10,,LINMMDE7RK00436,FALSE
Konazol Cream 2%W,Ketoconazole,Antifungals,Tube,120,90.23,0,10,,LINMMDE7RK00437,FALSE
Bamsi styling H. Gel,,Hair Care,Tube,200,150.38,0,10,,LINMMDE7RK00438,FALSE
Cipro-T,Ciprofloxacin / Tinidazole,Antibiotics,Piece,200,150.38,0,10,,LINMMDE7RK00439,FALSE
Buscopan,Hyoscine Butylbromide,Gastrointestinal,Piece,10,7.52,0,10,,LINMMDE7RK00440,FALSE
Dawahist 18MG/1ML / 5MG/5ML / 7.5MG/5ML,Ammonium Chloride / Diphenhydramine / Ephedrine,Antihistamines,Bottle,60,45.11,0,10,,LINMMDE7RK10441,FALSE
Ashton And Parsons,Teething Powder,Other,Box,50,37.59,0,10,,LINMMDE7RK10442,FALSE
Siclofen Modified Release 200MG,Aceclofenac,Painkillers,Tablet,20,15.04,0,10,,LINMMDE7RK10443,FALSE
Floxapen 125MG/5ML,Flucloxacillin,Antibiotics,Bottle,250,187.97,0,10,,LINMMDE7RK10444,FALSE
Mtm 50MG,Sildenafil,Other,Tablet,30,22.56,0,10,,LINMMDE7RK10445,FALSE
Whitfields Ointment 6%W / 3%W,Benzoic Acid / Salicylic Acid,Antifungals,Tube,100,75.19,0,10,,LINMMDE7RK10446,FALSE
Glucomet-N 5MG / 500MG,Glibenclamide / Metformin,Diabetes,Tablet,20,15.04,0,10,,LINMMDE7RK10447,FALSE
ceregard,Ceregard Plain,Other,Piece,1000,751.88,0,10,,LINMMDE7RK10448,FALSE
Povidone Iodine 10%W,Povidone Iodine,Other,Piece,150,112.78,0,10,,LINMMDE7RK10449,FALSE
Cardace 5MG,Enalapril,Cardiovascular,Tablet,10,7.52,0,10,,LINMMDE7RK10450,FALSE
TN190 (40-45),,Footwear,Piece,230,172.93,0,10,,LINMMDE7RK10451,FALSE
Oxifast 8MG / 8MG,Lornoxicam / Thiocholchicoside,Painkillers,Tablet,80,60.15,0,10,,LINMMDE7RK10452,FALSE
Azithrosafe,Azithromycin,Antibiotics,Piece,150,112.78,0,10,,LINMMDE7RK10453,FALSE
AL,Artemether / Lumefantrine,Antibiotics,Piece,50,35,0,10,,LINMMDE7RK10454,FALSE
Diprofos 5MG/2ML,Betamethasone,Dermatology,Bottle,1400,1052.63,0,10,,LINMMDE7RK10455,FALSE
Dexa I.V 4MG/1ML,Dexamethasone,Other,Bottle,200,150.38,0,10,,LINMMDE7RK10456,FALSE
DICARD 50mg,Sacubitril / Valsartan,Cardiovascular,Tablet,85,63.91,0,10,,LINMMDE7RK10457,FALSE
Probeta-N,Betamethasone / Neomycin,Antibiotics,Piece,200,150.38,0,10,,LINMMDE7RK10458,FALSE
Pregnancy Hcg Test,Test: Urine Pregnancy,Other,Piece,50,37.59,0,10,,LINMMDE7RK10459,FALSE
AMG 30-45,,Footwear,Tablet,200,150.38,0,10,,LINMMDE7RK10460,FALSE
Tramadol 100mg 100MG,Tramadol,Painkillers,Tablet,20,15.04,0,10,,LINMMDE7RK10461,FALSE
Rubber bands,Rubber Bands,General Accessories,Piece,30,22.56,0,10,,LINMMDE7RK10462,FALSE
Carditan-H,Hydrochlorothiazide / Losartan,Cardiovascular,Piece,10,7.52,0,10,,LINMMDE7RK10463,FALSE
T-Guard,Toothpaste,General Accessories,Piece,80,60.15,0,10,,LINMMDE7RK10464,FALSE
Oncosil 250MG,Terbinafine,Antifungals,Tablet,40,30.08,0,10,,LINMMDE7RK10465,FALSE
gaba 6mg,Gabacare,Other,Tablet,75,56.39,0,10,,LINMMDE7RK10466,FALSE
Babycare 25g,,General Accessories,Piece,40,30.08,0,10,,LINMMDE7RK10467,FALSE
Lunahist 50MG/5ML / 2MG/5ML / 5MG/5ML,Ammonium Chloride / Chlorpheniramine / Diphenhydramine,Antihistamines,Bottle,200,150.38,0,10,,LINMMDE7RK10468,FALSE
Pronerve 750MCG / 75.3MG,Methylcobalamin / Pregabalin,Other,Tablet,120,90.23,0,10,,LINMMDE7RK10469,FALSE
Ibugesic 100MG/5ML,Ibuprofen,Painkillers,Bottle,200,182.88,0,10,,LINMMDE7RK10470,FALSE
Bonnisan,Appetite Stimulant,Vitamins & Supplements,Piece,500,375.94,0,10,,LINMMDE7RK10471,FALSE
Relcer Gel 365MG / 80MG / 100MG,Aluminium / Magnesium / Simethicone,Antacids,Tube,500,375.94,0,10,,LINMMDE7RK10472,FALSE
X.pen 2.4 Mega,Benzathine Penicillin,Antibiotics,Piece,250,150.38,0,10,,LINMMDE7RK10473,FALSE
shower cap,Shower Cap,General Accessories,Capsule,50,37.59,0,10,,LINMMDE7RK10474,FALSE
Ascoril Expectorant,Cough Syrup,Respiratory,Bottle,200,150.38,0,10,,LINMMDE7RK10475,FALSE
Burnox 0.12GM / 5MG,Acriflavine / Thymol,Dermatology,Tablet,100,75,0,10,,LINMMDE7RK10476,FALSE
Gentamicin Sulfate Injection 80MG/2ML,Gentamicin,Antibiotics,Bottle,200,150.38,0,10,,LINMMDE7RK10477,FALSE
Rocephin Iv 1000MG,Ceftriaxone,Antibiotics,Vial,2300,1729.32,0,10,,LINMMDE7RK10478,FALSE
Gastro Gel,Antacid,Antacids,Tube,150,112.78,0,10,,LINMMDE7RK10479,FALSE
Nemocid 250MG,Pyrantel,Antibiotics,Tablet,120,90.23,0,10,,LINMMDE7RK10480,FALSE
Ansell Latex; Non-Powdered MEDIUM,Gloves - Exam,Other,Box,10,7.52,0,10,,LINMMDE7RK10481,FALSE
cpm 100ml 2MG/5ML,Chlorpheniramine,Antihistamines,Bottle,100,75.19,0,10,,LINMMDE7RK10482,FALSE
Salbutamol 100ml 2MG/5ML,Salbutamol,Respiratory,Bottle,100,75.19,0,10,,LINMMDE7RK10483,FALSE
Domperidone 1MG/1ML,Domperidone,Gastrointestinal,Bottle,150,112.78,0,10,,LINMMDE7RK10484,FALSE
Pekee,Tissue Paper,General Accessories,Piece,30,22.56,0,10,,LINMMDE7RK10485,FALSE
Calciplex-500 500MG / 250IU,Calcium / Vitamin D Cholecalciferol,Vitamins & Supplements,Tablet,20,15.04,0,10,,LINMMDE7RK10486,FALSE
Flucloxacillin Sodium Injection 500MG,Flucloxacillin,Antibiotics,Vial,200,150.38,0,10,,LINMMDE7RK10487,FALSE
Ranferon-12,Ferric Ammonium Citrate / Folic Acid / Vitamin B12,Vitamins & Supplements,Piece,500,375.94,0,10,,LINMMDE7RK10488,FALSE
Comb No Mirror,,Hair Accessories,Piece,30,22.56,0,10,,LINMMDE7RK10489,FALSE
Melcam 7.5mg,Meloxicam,Painkillers,Tablet,10,7.52,0,10,,LINMMDE7RK10490,FALSE
Toilex 50grams,Tissue,General Accessories,Piece,40,30.08,0,10,,LINMMDE7RK10491,FALSE
Calpol Infant 120MG/5ML,Paracetamol,Painkillers,Bottle,350,263.16,0,10,,LINMMDE7RK10492,FALSE
K-Cort,Triamcinolone,Dermatology,Piece,400,300.75,0,10,,LINMMDE7RK10493,FALSE
Calamine,Calamine Lotion,Dermatology,Piece,100,75.19,0,10,,LINMMDE7RK10494,FALSE
Pregabalin 75MG,Pregabalin,Other,Tablet,20,15.04,0,10,,LINMMDE7RK20495,FALSE
Zycet,Cetirizine,Antihistamines,Piece,50,37.59,0,10,,LINMMDE7RK20496,FALSE
Philcorim 60ml,,Respiratory,Bottle,250,187.97,0,10,,LINMMDE7RK20497,FALSE
Prednisolone / Olsolone/,Prednisolone,Dermatology,Piece,30,11.28,0,10,,LINMMDE7RK20498,FALSE
Surgiblade Surgical Blade SIZE 23,Blade Surgical,Other,Piece,20,15.04,0,10,,LINMMDE7RK20499,FALSE
Clindazed-150 150MG,Clindamycin,Antibiotics,Tablet,35,26.32,0,10,,LINMMDE7RK20500,FALSE
Betason-G 0.1%W / 0.1%W,Betamethasone / Gentamicin,Antibiotics,Piece,200,150.38,0,10,,LINMMDE7RK20501,FALSE
Nosic,Doxylamine / Vitamin B6 Pyridoxine,Vitamins & Supplements,Piece,30,25,0,10,,LINMMDE7RK20502,FALSE
Lopadol 5MG/1ML,Ketorolac,Painkillers,Bottle,300,225.56,0,10,,LINMMDE7RK20503,FALSE
"Crepe bandage 200 6""",Crepe bandage,Other,Piece,200,150.38,0,10,,LINMMDE7RK20504,FALSE
Eno,Citric Acid / Sodium Bicarbonate,Antacids,Piece,10,7,0,10,,LINMMDE7RK20505,FALSE
Fish Net,,General Accessories,Piece,200,150.38,0,10,,LINMMDE7RK20506,FALSE
Augmentin 800MG / 200MG,Amoxicillin / Clavulanic Acid,Antibiotics,Tablet,60,45.11,0,10,,LINMMDE7RK20507,FALSE
Limcee 500MG,Vitamin C Ascorbic Acid,Vitamins & Supplements,Tablet,50,37.59,0,10,,LINMMDE7RK20508,FALSE
Nice and lovely medium,Nice and lovely Medium,Oils & Serums,Piece,200,150.38,0,10,,LINMMDE7RK20509,FALSE
Azithro syrup,Azithromycin,Antibiotics,Bottle,150,112.78,0,10,,LINMMDE7RK20510,FALSE
Ampiclo-Dawa 125MG/5ML / 125MG/5ML,Ampicillin / Cloxacillin,Antibiotics,Bottle,200,150.38,0,10,,LINMMDE7RK20511,FALSE
Dicard,Sacubitril / Valsartan,Cardiovascular,Piece,100,75.19,0,10,,LINMMDE7RK20512,FALSE
Nystal 100000UNITS/1ML,Nystatin,Antifungals,Bottle,100,75.19,0,10,,LINMMDE7RK20513,FALSE
stella,Stella,Clothing & Apparel,Piece,50,37.59,0,10,,LINMMDE7RK20514,FALSE
Montikast-10 10MG,Montelukast,Respiratory,Tablet,50,37.59,0,10,,LINMMDE7RK20515,FALSE
Brustan 400MG / 325MG,Ibuprofen / Paracetamol,Painkillers,Tablet,20,15.04,0,10,,LINMMDE7RK20516,FALSE
Acto 120MG / 250MG,Aluminium / Magnesium,Antacids,Tablet,2,1.5,0,10,,LINMMDE7RK20517,FALSE
Apc,Aspirin (Acetylsalicylic Acid) / Caffeine / Paracetamol,Painkillers,Piece,2,1.3,0,10,,LINMMDE7RK20518,FALSE
Hydrogen Peroxide 6%W,Hydrogen Peroxide,Other,Piece,100,75.19,0,10,,LINMMDE7RK20519,FALSE
Bata Sandals,,Footwear,Piece,300,225.56,0,10,,LINMMDE7RK20520,FALSE
Trust,Condom,General Accessories,Piece,50,37.59,0,10,,LINMMDE7RK20521,FALSE
Handkerchief,,General Accessories,Piece,20,15.04,0,10,,LINMMDE7RK20522,FALSE
Tml 0.05%W/V,Timolol,Eye & Ear,Piece,250,187.97,0,10,,LINMMDE7RK20523,FALSE
Brufen 60ml,Ibuprofen,Painkillers,Bottle,50,37.59,0,10,,LINMMDE7RK20524,FALSE
Movit Hair Relaxer Green,,Hair Care,Piece,200,150.38,0,10,,LINMMDE7RK20525,FALSE
Kaluma Pain Balm,Menthol / Wintergreen Oil,Painkillers,Piece,50,37.59,0,10,,LINMMDE7RK20526,FALSE
Lofen Mr 100MG / 250MG / 325MG,Aceclofenac / Chlorzoxazone / Paracetamol,Painkillers,Tablet,50,37.59,0,10,,LINMMDE7RK20527,FALSE
Alcof 110MG / 2MG / 50MG,Ammonium Chloride / Chlorpheniramine / Sodium Citrate,Antihistamines,Tablet,150,112.78,0,10,,LINMMDE7RK20528,FALSE
Vitadrose Dextrose Injection 5%W,Dextrose,Gastrointestinal,Vial,300,225.56,0,10,,LINMMDE7RK20529,FALSE
Amitriptyline,,Other,Piece,10,7.52,0,10,,LINMMDE7RK20530,FALSE
Neuroba 300MG,Gabapentin,Other,Tablet,70,52.63,0,10,,LINMMDE7RK20531,FALSE
kofgon /,Kofgon cough syrup,Respiratory,Bottle,100,75.19,0,10,,LINMMDE7RK20532,FALSE
Softcare,Pampers,General Accessories,Piece,140,105.26,0,10,,LINMMDE7RK20533,FALSE
Pegs,,General Accessories,Piece,20,15.04,0,10,,LINMMDE7RK20534,FALSE
cpm inj 10MG/1ML,Chlorpheniramine,Antihistamines,Bottle,200,150.38,0,10,,LINMMDE7RK20535,FALSE
Neurobion 200MG / 1000MCG / 50MG,Vitamin B1 / Vitamin B12 / Vitamin B6 Pyridoxine,Vitamins & Supplements,Tablet,10,7.52,0,10,,LINMMDE7RK20536,FALSE
Gastrokit 1GM / 500MG / 30MG,Amoxicillin / Clarithromycin / Lansoprazole,Antibiotics,Tablet,1500,1127.82,0,10,,LINMMDE7RK20537,FALSE
MTZ 60 syrup 200MG/5ML,Metronidazole,Antibiotics,Bottle,50,37.59,0,10,,LINMMDE7RK20538,FALSE
Loratin syrup 5mg,Loratadine,Antihistamines,Bottle,350,263.16,0,10,,LINMMDE7RK20539,FALSE
Anti Rabies 2.5IU,Vaccine Rabies,Other,Piece,1200,902.26,0,10,,LINMMDE7RK20540,FALSE
Brufen 400mg,Ibuprofen,Painkillers,Tablet,2,1,0,10,,LINMMDE7RK20541,FALSE
Griseofulvin 500mg 500MG,Griseofulvin,Antifungals,Tablet,15,11.28,0,10,,LINMMDE7RK20542,FALSE
Gaviscon Peppermint,Antacid,Antacids,Piece,750,563.91,0,10,,LINMMDE7RK20543,FALSE
kaluma 150g,Kaluma Toothpaste,General Accessories,Piece,80,60.15,0,10,,LINMMDE7RK20544,FALSE
Zefcolin,Cetirizine / Dextromethorphan / Phenylephrine,Antihistamines,Piece,350,263.16,0,10,,LINMMDE7RK20545,FALSE
Ors 6.75GM / 1.3GM / 1.45GM,Glucose / Sodium Chloride / Trisodium Salt,Gastrointestinal,Piece,30,22.56,0,10,,LINMMDE7RK20546,FALSE
Candistat-200,Clotrimazole,Antifungals,Piece,150,112.78,0,10,,LINMMDE7RK20547,FALSE
Salmonella Typhi Antigen Test Card,Test: Salmonella Typhoid Ab Widal,Other,Piece,500,375.94,0,10,,LINMMDE7RK30548,FALSE
Subsyde Cr 100MG,Diclofenac,Painkillers,Tablet,65,48.87,0,10,,LINMMDE7RK30549,FALSE
philcorim 100ml 100mg,Pholcorim 100ml,Respiratory,Bottle,350,263.16,0,10,,LINMMDE7RK30550,FALSE
Griseofulvin 125mg 125MG,Griseofulvin,Antifungals,Tablet,5,3.76,0,10,,LINMMDE7RK30551,FALSE
Cox-B 200MG,Celecoxib,Painkillers,Tablet,150,112.78,0,10,,LINMMDE7RK30552,FALSE
KY  6016 (37-41),,Footwear,Piece,230,172.93,0,10,,LINMMDE7RK30553,FALSE
Augmin 375 500MG / 125MG,Amoxicillin / Clavulanic Acid,Antibiotics,Tablet,300,225.56,0,10,,LINMMDE7RK30554,FALSE
Bamsi Curl Activator,Bamsy Curl Activator,Hair Care,Piece,60,45.11,0,10,,LINMMDE7RK30555,FALSE
Extraderm 0.64MG / 10MG / 1MG,Betamethasone / Clotrimazole / Gentamicin,Antibiotics,Tablet,250,187.97,0,10,,LINMMDE7RK30556,FALSE
H-Pylori Antigen Rapid Test Cassette,Test: H. Pylori Strips,Other,Strip,500,375.94,0,10,,LINMMDE7RK30557,FALSE
Lasix 20MG/2ML,Furosemide,Cardiovascular,Bottle,200,150.38,0,10,,LINMMDE7RK30558,FALSE
Floranorm 250MG,Saccharomyces Boulardii,Gastrointestinal,Tablet,1000,751.88,0,10,,LINMMDE7RK30559,FALSE
Haloperidol 5MG,Haloperidol,Other,Tablet,5,3.76,0,10,,LINMMDE7RK30560,FALSE
Trust Studded,Condom,General Accessories,Piece,70,52.63,0,10,,LINMMDE7RK30561,FALSE
Concor 10MG,Bisoprolol,Cardiovascular,Tablet,50,37.59,0,10,,LINMMDE7RK30562,FALSE
Grabacin Powder 4.56MG/1GM / 5MG/1GM /,Bacitracin / Neomycin / Polymyxin,Antibiotics,Box,200,150.38,0,10,,LINMMDE7RK30563,FALSE
Secnidazole susp 750mg,Secnidazole,Antibiotics,Bottle,200,150.38,0,10,,LINMMDE7RK30564,FALSE
kofgon,Kofgon,Respiratory,Piece,50,37.59,0,10,,LINMMDE7RK30565,FALSE
Touch n. a,Touch And Go,General Accessories,Piece,350,263.16,0,10,,LINMMDE7RK30566,FALSE
Diproson 0.05%W,Betamethasone,Dermatology,Piece,100,75.19,0,10,,LINMMDE7RK30567,FALSE
Beta Gripe Water 2.15MG/5ML / 10MG/5ML,Dill Seed Oil / Sodium Bicarbonate,Gastrointestinal,Bottle,150,112.78,0,10,,LINMMDE7RK30568,FALSE
Caredoxy 100MG,Doxycycline,Antibiotics,Tablet,100,75.19,0,10,,LINMMDE7RK30569,FALSE
Ribena 350,,Vitamins & Supplements,Piece,350,263.16,0,10,,LINMMDE7RK30570,FALSE
Menozip 500MG/5ML,Tranexamic Acid,Gastrointestinal,Bottle,500,375.94,0,10,,LINMMDE7RK30571,FALSE
Key Holder ya 50,,General Accessories,Piece,50,37.59,0,10,,LINMMDE7RK30572,FALSE
Enalapril 10 10MG,Enalapril,Cardiovascular,Tablet,10,7.52,0,10,,LINMMDE7RK30573,FALSE
key Holder Ndogo,,General Accessories,Piece,30,22.56,0,10,,LINMMDE7RK30574,FALSE
"Crepe bandage 160 4""",Crepe bandage,Other,Piece,150,100,0,10,,LINMMDE7RK30575,FALSE
Dawa 100MG,Vitamin C Ascorbic Acid,Vitamins & Supplements,Tablet,30,22.56,0,10,,LINMMDE7RK30576,FALSE
Doloact Mr 250MG / 50MG / 500MG,Chlorzoxazone / Diclofenac / Paracetamol,Painkillers,Tablet,40,30.08,0,10,,LINMMDE7RK30577,FALSE
Pernex Ac 5%W,Benzoyl Peroxide,Dermatology,Piece,600,451.13,0,10,,LINMMDE7RK30578,FALSE
MTZ i.v 0.5%W/V,Metronidazole,Antibiotics,Vial,300,225.56,0,10,,LINMMDE7RK30579,FALSE
Towel Ya Kuoga,,General Accessories,Piece,250,187.97,0,10,,LINMMDE7RK30580,FALSE
Multivit,Enervit 60ml,Vitamins & Supplements,Bottle,100,75.19,0,10,,LINMMDE7RK30581,FALSE
Zulu Modified Release 100MG / 500MG,Aceclofenac / Paracetamol,Painkillers,Tablet,50,37.59,0,10,,LINMMDE7RK30582,FALSE
Deep Heat Ointment,Menthol,Painkillers,Tube,400,300.75,0,10,,LINMMDE7RK30583,FALSE
Parafen 100MG/5ML / 120MG/5ML,Ibuprofen / Paracetamol,Painkillers,Bottle,100,75.19,0,10,,LINMMDE7RK30584,FALSE
Flazine 1%W/W,Silver Sulfadiazine,Dermatology,Piece,100,75.19,0,10,,LINMMDE7RK30585,FALSE
Plasil 10MG,Metoclopramide,Gastrointestinal,Tablet,10,7.52,0,10,,LINMMDE7RK30586,FALSE
Magnacid 480MG/5ML / 20MG/5ML,Antacid / Simethicone,Antacids,Bottle,100,75.19,0,10,,LINMMDE7RK30587,FALSE
Nike 40-45,,Footwear,Piece,350,263.16,0,10,,LINMMDE7RK30588,FALSE
Mara Moja 400MG / 50MG / 200MG,Aspirin (Acetylsalicylic Acid) / Caffeine / Paracetamol,Painkillers,Tablet,10,7.52,0,10,,LINMMDE7RK30589,FALSE
Amoxil 500mg,Amoxicillin,Antibiotics,Tablet,8,6,0,10,,LINMMDE7RK30590,FALSE
Weaving Cap,,Hair Accessories,Capsule,50,37.59,0,10,,LINMMDE7RK30591,FALSE
Surgical Spirit 100ml,Surgical Spirit,Other,Bottle,120,90.23,0,10,,LINMMDE7RK30592,FALSE
Flamox 250MG / 250MG,Amoxicillin / Flucloxacillin,Antibiotics,Tablet,500,375.94,0,10,,LINMMDE7RK30593,FALSE