Facility_Name,Product,API,Tags,Volume,Retail_Price,Cost_Price,In_Stock,Availability,Expiry,Total_Cost,Sales_Value
Linus Chemist,BG-Glutamin Plus 500MG,Glutamic Acid,-,-,30,22.56,12,Adequate Stocks,,270.71999999999997,360
Linus Chemist,Coconut oil ,Coconut oil,Coconut oil 150mls,150ML,100,75.19,5,Adequate Stocks,,375.95,500
Linus Chemist,Clozole B Cream 0.05%W / 1%W,Betamethasone / Clotrimazole,-,15GM,100,81,0,Out of Stock,,0,0
Linus Chemist,Laekit 1000MG / 40MG / 500MG,Amoxicillin / Esomeprazole / Levofloxacin,-,-,3000,2255.64,2,Adequate Stocks,,4511.28,6000
Linus Chemist,Generic 100MG,Chlorpromazine,CPZ I. V,2ML,300,225.56,1,Adequate Stocks,,225.56,300
Linus Chemist,Betapyn 95MG / 10MG / 450MG,Caffeine / Codeine / Paracetamol,-,-,50,45,18,Adequate Stocks,,810,900
Linus Chemist,Nitrofurantoin ,Nitrofurantoin,-,-,100,75.19,28,Adequate Stocks,,2105.3199999999997,2800
Linus Chemist,Brazilian ,Brazilian,Brazilian,-,100,75.19,14,Adequate Stocks,,1052.6599999999999,1400
Linus Chemist,Cefuroxime 50ml 125MG/5ML,Cefuroxime,-,50ML,250,187.97,1,Adequate Stocks,,187.97,250
Linus Chemist,Azmasol ,Salbutamol,-,-,500,375.94,2,Adequate Stocks,,751.88,1000
Linus Chemist,Jointflex /  /,Chondroitin / Glucosamine / Multivitamin - General,-,-,65,48.87,0,Out of Stock,,0,0
Linus Chemist,Montel kid 4mg 5MG,Montelukast4mg,-,-,50,37.59,16,Adequate Stocks,,601.44,800
Linus Chemist,Vitamin B ,Vitamin B Complex,-,-,5,3.76,105,Adequate Stocks,,394.79999999999995,525
Linus Chemist,Combivent 0.5MG/2.5ML / 2.5MG/2.5ML,Ipratropium / Salbutamol,-,2.5ML,300,225.56,1,Adequate Stocks,,225.56,300
Linus Chemist,Vidol ,Carvedilol,Carvedilol 6.25,-,15,11.28,36,Adequate Stocks,,406.08,540
Linus Chemist,Liquid Parafin ,Paraffin,-,50ML,50,37.59,6,Adequate Stocks,,225.54000000000002,300
Linus Chemist,Methylated Spirit 70%W,Methylated Spirit,-,100ML,70,52.63,6,Adequate Stocks,,315.78000000000003,420
Linus Chemist,Bulkot B Cream 0.025%W / 1%W,Beclomethasone / Clotrimazole,-,20GM,150,112.78,2,Adequate Stocks,,225.56,300
Linus Chemist,Heel Cream 5%W / 1000IU/GM / 30IU/1GM,Aloe / Vitamin A Retinoids / Vitamin D Cholecalciferol,-,30GM,350,263.16,2,Adequate Stocks,,526.32,700
Linus Chemist,Carvedilol 12.5MG,Carvedilol,-,-,20,15.04,28,Adequate Stocks,,421.12,560
Linus Chemist,Sanitary Pads Softcare ,Sanitary Pads,-,-,80,60.15,11,Adequate Stocks,,661.65,880
Linus Chemist,Largan 5MG,Promethazine,-,60ML,50,37.59,1,Adequate Stocks,,37.59,50
Linus Chemist,Ciproflox-500mg ,Ciprofloxacin,-,-,10,8,56,Adequate Stocks,,448,560
Linus Chemist,Waterguard ,Chlorine,-,150ML,100,75.19,7,Adequate Stocks,,526.3299999999999,700
Linus Chemist,Flamoryl-S 250MG / 50MG / 325MG,Chlorzoxazone / Diclofenac / Paracetamol,Flamoryl,-,250,187.97,0,Out of Stock,,0,0
Linus Chemist,Comb With Mirror ,Comb With Mirror,Comb With Mirror,-,50,37.59,14,Adequate Stocks,,526.26,700
Linus Chemist,Crepe bandage 50 ,Bandage Gauze,-,-,50,37.59,0,Out of Stock,,0,0
Linus Chemist,Roseleaf Kubwa ,Roseleaf Kubwa,Roseleaf Kubwa,-,150,112.78,5,Adequate Stocks,,563.9,750
Linus Chemist,Maxilight ,Maxilight,Maxilight,135ml,350,263.16,2,Adequate Stocks,,526.32,700
Linus Chemist,Baby love ,Baby Love,Baby love,50ML,80,60,15,Adequate Stocks,,900,1200
Linus Chemist,Crepe Bandage 2",Bandage Crepe,-,-,50,37.59,11,Adequate Stocks,,413.49,550
Linus Chemist,Evofix 100MG/5ML,Cefixime,-,60ML,250,187.97,0,Out of Stock,,0,0
Linus Chemist,Tincture 1%W,Povidone Iodine,-,50ml,100,75.19,0,Out of Stock,,0,0
Linus Chemist,Rbs strip ,Blood Glucose Test Strips,-,-,100,75.19,29,Adequate Stocks,,2180.5099999999998,2900
Linus Chemist,Neutricid 120MG / 250MG,Aluminium / Magnesium,Actal,-,5,3,149,Adequate Stocks,,447,745
Linus Chemist,Mask Face ,Mask - Face,-,-,10,7.52,2,Adequate Stocks,,15.04,20
Linus Chemist,key holder kubwa ,key holder kubwa,key holder kubwa,-,50,37.59,6,Adequate Stocks,,225.54000000000002,300
Linus Chemist,MZCAL Plus ,MZCAL Plus,MZCAL Plus,-,25,18.8,0,Out of Stock,,0,0
Linus Chemist,Diamisole 250MG / 200MG,Diloxanide / Metronidazole,-,-,200,150.38,0,Out of Stock,,0,0
Linus Chemist,Enervit 100ml 100,Multivitamin - General,-,100ML,150,75.19,4,Adequate Stocks,,300.76,600
Linus Chemist,Femi lydia ,Femi lydia,Femi lydia,-,100,75.19,1,Adequate Stocks,,75.19,100
Linus Chemist,Generic Bronchodilator + Mucolytic ,Cough Expectorant,Benahist,100ML,150,112.78,2,Adequate Stocks,,225.56,300
Linus Chemist,Enalapril 5 5MG,Enalapril,-,-,5,3.76,146,Adequate Stocks,,548.9599999999999,730
Linus Chemist,Natoa 100MG,Mebendazole,-,-,100,75.19,3,Adequate Stocks,,225.57,300
Linus Chemist,Acyclovir 200mg 200MG,Acyclovir,-,-,30,22.56,10,Adequate Stocks,,225.6,300
Linus Chemist,Yellow Cannula G24,Cannula - IV,-,-,20,15.04,0,Out of Stock,,0,0
Linus Chemist,Omeprazole 20MG,Omeprazole,-,-,5,3,23,Adequate Stocks,,69,115
Linus Chemist,P-Alaxin 40MG / 320MG,Dihydroartemisinin / Piperaquine,-,-,300,225.56,0,Out of Stock,,0,0
Linus Chemist,ESOP ,Esomeprazole,-,40MG,300,225.56,3,Adequate Stocks,,676.6800000000001,900
Linus Chemist,Tramadol ,Tramadol,-,2ML,200,150.38,7,Adequate Stocks,,1052.6599999999999,1400
Linus Chemist,Deep Heat Spray ,Menthol,-,150ML,750,563.91,0,Out of Stock,,0,0
Linus Chemist,KY5013 (40-45) ,KY5013 (40-45),KY5013 (40-45),-,350,263.16,3,Adequate Stocks,,789.48,1050
Linus Chemist,Flarex 0.1%W,Fluorometholone,-,5ML,430,380,1,Adequate Stocks,,380,430
Linus Chemist,Surgical Spirit ,Surgical Spirit,-,50ML,50,37.59,6,Adequate Stocks,,225.54000000000002,300
Linus Chemist,Nifelong ,Nifedipine,Adalat,-,30,22.56,30,Adequate Stocks,,676.8,900
Linus Chemist,Hemoforce Family ,Haematinic Blood Builder,-,200ML,350,263.16,1,Adequate Stocks,,263.16,350
Linus Chemist,Dexneo Eye-Ear 0.1%W / 0.35%W,Dexamethasone / Neomycin,-,5ML,150,112.78,3,Adequate Stocks,,338.34000000000003,450
Linus Chemist,Nice And Lovely Glycerine ,Nice And Lovely Glycerine,Nice And Lovely Glycerine small,50ML,100,75.19,10,Adequate Stocks,,751.9,1000
Linus Chemist,Spray 2 In 1 ,Spray 2 In 1,Spray 2 In 1,20ML,350,263.16,7,Adequate Stocks,,1842.1200000000001,2450
Linus Chemist,Myospaz 250MG / 500MG,Chlorzoxazone / Paracetamol,-,-,30,22.56,87,Adequate Stocks,,1962.7199999999998,2610
Linus Chemist,Eno Lemon ,Antacid,-,-,30,22.56,6,Adequate Stocks,,135.35999999999999,180
Linus Chemist,Xtone forte 200mg,Xtone forte,Xtone forte,200ml,600,451.13,1,Adequate Stocks,,451.13,600
Linus Chemist,Mtm 100MG,Sildenafil,-,-,40,30.08,18,Adequate Stocks,,541.4399999999999,720
Linus Chemist,Amlozaar-H 5MG / 2.5MG / 50MG,Amlodipine / Hydrochlorothiazide / Losartan,Amlo-H,-,20,15.04,30,Adequate Stocks,,451.2,600
Linus Chemist,Chlorpromazine 100MG,Chlorpromazine,CPz,2ml,300,225.56,1,Adequate Stocks,,225.56,300
Linus Chemist,Acinet Dry ,Amoxicillin / Clavulanic Acid,-,100ML,300,225.56,0,Out of Stock,,0,0
Linus Chemist,Empiget ,Empagliflozin,-,-,100,75.19,0,Out of Stock,,0,0
Linus Chemist,Amoxycillin Dispersible 250MG,Amoxicillin,-,-,10,7.52,31,Adequate Stocks,,233.11999999999998,310
Linus Chemist,Dextracin 0.1%W/V / 0.5%W,Dexamethasone / Neomycin,-,5ML,400,300.75,0,Out of Stock,,0,0
Linus Chemist,Multi Vitamin Caps /,Amino Acid / Multivitamin - General,-,-,10,7.52,0,Out of Stock,,0,0
Linus Chemist,Pcm ,Paracetamol,-,-,2,1,616,Adequate Stocks,,616,1232
Linus Chemist,Enterezole 10MG / 250MG / 200MG,Dicyclomine / Diloxanide / Metronidazole,-,100ML,200,150.38,0,Out of Stock,,0,0
Linus Chemist,Aziflam 250MG,Azithromycin,Azithro 250mg,-,150,112.78,0,Out of Stock,,0,0
Linus Chemist,Fluconazole 200mg ,Fluconazole,-,-,50,37.59,5,Adequate Stocks,,187.95000000000002,250
Linus Chemist,Clindacin-300 300MG,Clindamycin,Clindamycin 300mg,-,350,26.32,0,Out of Stock,,0,0
Linus Chemist,Cefuroxime 100ml 125MG/1ML,Cefuroxime,-,100ML,400,300.75,0,Out of Stock,,0,0
Linus Chemist,Modecate 25MG/1ML,Fluphenazine,-,1ml,200,150,0,Out of Stock,,0,0
Linus Chemist,Diclofenac ,Diclofenac,-,-,5,3.76,64,Adequate Stocks,,240.64,320
Linus Chemist,Nebanol Powder 250IU/1GM / 5MG/1GM,Bacitracin / Neomycin,-,5GM,150,112.78,0,Out of Stock,,0,0
Linus Chemist,Daboral 250MG,Aminosidine,-,-,1000,676.69,2,Adequate Stocks,,1353.38,2000
Linus Chemist,medical supplies ,Serviette Rossy,Saviet,-,100,75.19,0,Out of Stock,,0,0
Linus Chemist,Evit 400MG,Vitamin E,-,-,35,26.32,9,Adequate Stocks,,236.88,315
Linus Chemist,CTX 960mg ,Sulfamethoxazole / Trimethoprim,-,-,10,7,170,Adequate Stocks,,1190,1700
Linus Chemist,arimis ,Arimis,Arimis 200ml,200ML,150,112.78,10,Adequate Stocks,,1127.8,1500
Linus Chemist,Dazole Cream 1%W,Clotrimazole,-,20GM,100,75.19,3,Adequate Stocks,,225.57,300
Linus Chemist,Medisel Kenya 1MG/1ML,Adrenaline Epinephrine,adrenaline,1ML,300,225.56,2,Adequate Stocks,,451.12,600
Linus Chemist,Griseofulvin 250mg 250MG,Griseofulvin,-,-,10,7.52,65,Adequate Stocks,,488.79999999999995,650
Linus Chemist,Topical cream ,Tetracycline,-,15GM,100,75.19,6,Adequate Stocks,,451.14,600
Linus Chemist,Lipgloss ,Lipgloss,Lipgloss,10ML,50,37.59,22,Adequate Stocks,,826.98,1100
Linus Chemist,Aquafresh Medium ,Toothbrush,-,-,30,22.56,9,Adequate Stocks,,203.04,270
Linus Chemist,KY5013 (40-45) ,KY5013 (40-45),KY5013 (40-45),-,250,187.97,3,Adequate Stocks,,563.91,750
Linus Chemist,Artemed 80MG/1ML,Artemether,AL injection,1ML,200,150.38,2,Adequate Stocks,,300.76,400
Linus Chemist,Neonatal Ampiclox 125MG/5ML / 125MG/5ML,Ampicillin / Cloxacillin,-,60ML,150,112.78,3,Adequate Stocks,,338.34000000000003,450
Linus Chemist,Claxyclav 375mg ,Amoxicillin / Clavulanic Acid,-,-,350,0.1,5,Adequate Stocks,,0.5,1750
Linus Chemist,Movit Hair Gel Curl activator ,Hair Gel Curl activator,Movit Hair Gel Curl activator,80ML,60,45.11,11,Adequate Stocks,,496.21,660
Linus Chemist,Dettol Antiseptic Disinfectant ,Hand Sanitizer,-,50ML,150,112.78,3,Adequate Stocks,,338.34000000000003,450
Linus Chemist,Pure Glycerine ,Glycerin,-,50ML,50,37.59,4,Adequate Stocks,,150.36,200
Linus Chemist,Bisacodyl 5MG,Bisacodyl,-,-,10,7.52,90,Adequate Stocks,,676.8,900
Linus Chemist,Levocetrizine 2.5MG,Levocetirizine,-,60ml,350,263.16,1,Adequate Stocks,,263.16,350
Linus Chemist,MTZ 200MG/5ML,Metronidazole,-,100ML,100,75.19,1,Adequate Stocks,,75.19,100
Linus Chemist,Velvex 200gms,Cotton Wool 200gms,-,-,100,75.19,0,Out of Stock,,0,0
Linus Chemist,non med ,Bladder,bladder ya mtoto,-,50,37.59,9,Adequate Stocks,,338.31000000000006,450
Linus Chemist,Lasix 40MG,Furosemide 40mg,-,-,2,1.5,0,Out of Stock,,0,0
Linus Chemist,Alacot Ds 0.2%V/V,Olopatadine,Olopatadine.0.2%,5ML,600,451.13,1,Adequate Stocks,,451.13,600
Linus Chemist,Babycare 100g ,Babycare 100g,Babycare 100g,-,80,60.15,6,Adequate Stocks,,360.9,480
Linus Chemist,pure Glycerine 100ml ,Glycerine,-,100ml,100,75.19,3,Adequate Stocks,,225.57,300
Linus Chemist,Lucozid 400ml,Lucozid 350,-,400ml,350,263.16,0,Out of Stock,,0,0
Linus Chemist,Promethazine 25MG,Promethazine,-,-,5,3.76,33,Adequate Stocks,,124.08,165
Linus Chemist,Epiderm Cream 0.643MG / 1GM / 1GM,Betamethasone / Gentamicin,-,15GM,100,75.19,7,Adequate Stocks,,526.3299999999999,700
Linus Chemist,Hydrocort Inj ,S hydro,-,2ml,200,150.38,2,Adequate Stocks,Less than 3 Months to Expiry,300.76,400
Linus Chemist,Secnid Ds ,Secnidazole,-,-,100,75.19,0,Out of Stock,,0,0
Linus Chemist,Surdex 1MG/5ML / 125MG/5ML / 2.5MG,Chlorpheniramine / Paracetamol / Phenylephrine,-,60ML,250,187.97,0,Out of Stock,,0,0
Linus Chemist,Letrax 40MG,Levamisole,-,-,20,15.04,10,Adequate Stocks,,150.39999999999998,200
Linus Chemist,Miadi chemical 100MG,Miadi Chemical,miadi chemical,100ML,200,150.38,1,Adequate Stocks,,150.38,200
Linus Chemist,Kaluma King Plus 400MG / 50MG / 200MG,Aspirin (Acetylsalicylic Acid) / Caffeine / Paracetamol,-,-,20,15.04,0,Out of Stock,,0,0
Linus Chemist,Duphaston 10MG,Abacavir,-,-,90,67.67,12,Adequate Stocks,,812.04,1080
Linus Chemist,Qtex kubwa ,Qtex kubwa,Qtex kubwa,30ML,60,45.11,18,Adequate Stocks,,811.98,1080
Linus Chemist,Eflaron Plus Tablet ,Diloxanide / Metronidazole,-,-,100,89.38,0,Out of Stock,,0,0
Linus Chemist,Labesten Cream 1%W/W,Clotrimazole,-,20GM,100,75.19,10,Adequate Stocks,,751.9,1000
Linus Chemist,Benzyl Benzoate (Covigen) 25%W,Benzyl Benzoate,-,100ML,100,75.19,3,Adequate Stocks,,225.57,300
Linus Chemist,Ribena 500ml ,Ribena 500ml,Ribena 500ml,500ML,320,240.6,1,Adequate Stocks,,240.6,320
Linus Chemist,Velvex 100GM,Cotton Wool,-,-,100,75.19,2,Adequate Stocks,,150.38,200
Linus Chemist,Coldcap Gen ,Caffeine / Paracetamol / Pseudoephedrine,-,-,10,7.52,89,Adequate Stocks,,669.28,890
Linus Chemist,skala lotion ,Skala Lotion,Skala lotion 100ml,100ML,60,45.11,9,Adequate Stocks,,405.99,540
Linus Chemist,Benylin Wet Cough Menthol ,Cough Expectorant,Cetrihist,100ML,100,75.19,3,Adequate Stocks,,225.57,300
Linus Chemist,Oxinus 5MG,Oxybutynin,-,-,30,25,26,Adequate Stocks,,650,780
Linus Chemist,Arimis ,Arimis,arimis medium,90ML,80,60.15,5,Adequate Stocks,,300.75,400
Linus Chemist,Razer Blade ,Razer Blade,Razer Blade,-,15,11.28,25,Adequate Stocks,,282,375
Linus Chemist,Insulin Syringes 50IU,Insulin Aspart,-,0.5ML,50,37.59,1,Adequate Stocks,,37.59,50
Linus Chemist,Olworm 400MG/10ML,Albendazole,-,10ML,50,37.59,0,Out of Stock,,0,0
Linus Chemist,Rufenac Gel 1%W,Diclofenac,-,20GM,100,75.19,0,Out of Stock,,0,0
Linus Chemist,Betason Cream 0.1%W,Betamethasone,-,15GM,100,75.19,2,Adequate Stocks,,150.38,200
Linus Chemist,IFAS 200MG / 400MCG,Ferrous Sulfate / Folic Acid,-,-,5,3.76,30,Adequate Stocks,,112.8,150
Linus Chemist,Tridex ,Ammonium Hydrochloride / Diphenhydramine / Promethazine,-,100ML,150,112.78,0,Out of Stock,,0,0
Linus Chemist,Abgenta 0.3%W/V,Gentamicin,-,5ML,100,75.19,15,Adequate Stocks,,1127.85,1500
Linus Chemist,Rilif Mr 100MG / 375MG / 500MG,Aceclofenac / Chlorzoxazone / Paracetamol,-,-,50,37.59,0,Out of Stock,,0,0
Linus Chemist,Celex-B 200MG,Celecoxib,coxy B,-,50,37.59,0,Out of Stock,,0,0
Linus Chemist,Brufen 200mg ,Ibuprofen,-,-,2,1,15,Adequate Stocks,,15,30
Linus Chemist,arimis SMALL,Arimis,Arimis small,50ML,40,30.08,17,Adequate Stocks,,511.35999999999996,680
Linus Chemist,aldomet 250MG,Methyldopa,-,-,10,7.52,60,Adequate Stocks,,451.2,600
Linus Chemist,Bonsens water 400ml,Bonsens water,Bonsens water,400ml,40,30.08,0,Out of Stock,,0,0
Linus Chemist,Malafin 25MG / 500MG,Pyrimethamine / Sulfadoxine,-,-,40,30.08,4,Adequate Stocks,,120.32,160
Linus Chemist,Cpm syrup 60ml 2MG/5ML,Chlorpheniramine,-,60ML,50,37.59,2,Low Stocks,,75.18,100
Linus Chemist,Bisocard-5 5MG,Bisoprolol,-,-,35,26.32,13,Adequate Stocks,,342.16,455
Linus Chemist,Claxy 1 gram 800MG / 200MG,Amoxicillin / Clavulanic Acid,Claxy 1 gram,-,500,451.13,4,Adequate Stocks,,1804.52,2000
Linus Chemist,Franol 200MG,Theophylline,-,-,5,3,116,Adequate Stocks,,348,580
Linus Chemist,Folic Acid 5MG,Folic Acid,-,-,10,7.52,5,Adequate Stocks,,37.599999999999994,50
Linus Chemist,Babycare 55g ,Babycare 55g,Babycare 55g,55,60,45.11,12,Adequate Stocks,,541.3199999999999,720
Linus Chemist,NS infusion ,Normal Saline,NS,500ML,300,112.78,4,Adequate Stocks,,451.12,1200
Linus Chemist,Acetal Mr ,Aceclofenac / Chlorzoxazone / Paracetamol,-,-,20,15.04,0,Out of Stock,,0,0
Linus Chemist,Pylodi H.Pylori 500MG / 30MG / 500MG,Clarithromycin / Lansoprazole / Tinidazole,Sure kit,-,2000,1503.76,0,Out of Stock,,0,0
Linus Chemist,Cosmos ,Empiget 10mg,Empiget,-,70,52.63,0,Out of Stock,,0,0
Linus Chemist,Neuro Forte 200MG / 1000MCG / 50MG,Vitamin B1 / Vitamin B12 / Vitamin B6 Pyridoxine,-,-,20,15.04,0,Out of Stock,,0,0
Linus Chemist,Mouthwash 1%W,Povidone Iodine,-,100ML,200,150.38,0,Out of Stock,,0,0
Linus Chemist,bamsi hair food kubwa yellow ,bamsi hair food kubwa yellow,bamsi hair food kubwa yellow,500ML,300,225.56,5,Adequate Stocks,,1127.8,1500
Linus Chemist,Huda Beauty ,Huda Beauty,Huda Beauty,-,30,22.56,4,Adequate Stocks,,90.24,120
Linus Chemist,Aziflam 250MG,Azithromycin,Azithro 250mg,-,150,112.78,0,Out of Stock,,0,0
Linus Chemist,vaseline ,Vaseline,vaseline small 25ml,25ML,60,45.11,5,Adequate Stocks,,225.55,300
Linus Chemist,Varinil 10 ,Amlodipine,-,-,10,7.5,124,Adequate Stocks,,930,1240
Linus Chemist,Vitamax ,Multivitamin - General,-,-,5,3.76,5,Adequate Stocks,,18.799999999999997,25
Linus Chemist,Eclo 40 IV Injection 40MG,Omeprazole,-,//,300,225.56,0,Out of Stock,,0,0
Linus Chemist,Pyridoxin ,Vitamin B6 Pyridoxine,-,-,10,7.52,250,Adequate Stocks,,1880,2500
Linus Chemist,Lazope 30MG,Lansoprazole,-,-,30,22.56,0,Out of Stock,,0,0
Linus Chemist,Scrubbing brush Kubwa ,Scrubbing brush Kubwa,Scrubbing brush Kubwa,-,60,45.11,6,Adequate Stocks,,270.65999999999997,360
Linus Chemist,Mediwool ,Cotton Wool,-,-,200,150.38,0,Out of Stock,,0,0
Linus Chemist,Bata Bullets ,Bata Bullets,Bata Bullets,-,300,225.56,6,Adequate Stocks,,1353.3600000000001,1800
Linus Chemist,HIV Test Kit (Determine-1/2) /,Test: Hiv / Test: Syphilis Vdrl,-,-,150,112.78,9,Adequate Stocks,,1015.02,1350
Linus Chemist,Ondem-Md 8MG,Ondansetron,-,4l,300,225.56,4,Adequate Stocks,,902.24,1200
Linus Chemist,Mediwool ,Cotton Wool 400gms,-,-,400,300.75,0,Out of Stock,,0,0
Linus Chemist,Surgical Spirit ,Surgical Spirit,-,500ML,250,187.97,1,Adequate Stocks,,187.97,250
Linus Chemist,Xpen 1.M ,Benzylpenicillin,-,//,200,150.38,2,Adequate Stocks,,300.76,400
Linus Chemist,Amlozaar-H 5MG / 2.5MG / 50MG,Amlodipine / Hydrochlorothiazide / Losartan,Amloxaar,-,20,15.04,30,Adequate Stocks,,451.2,600
Linus Chemist,super glue ,Super Glue,Super Glue,-,30,22.56,7,Adequate Stocks,,157.92,210
Linus Chemist,Hydrochlorothiazide 50MG,Hydrochlorothiazide,hctz,-,30,22.56,25,Adequate Stocks,,564,750
Linus Chemist,Septrin 100ml 200MG/5ML / 40MG/5ML,Sulfamethoxazole / Trimethoprim,-,100ML,100,75.19,6,Adequate Stocks,,451.14,600
Linus Chemist,Flagyl 400mg 400MG,Metronidazole,-,-,4,3.76,0,Out of Stock,,0,0
Linus Chemist,Methylated Spirit (Covigen) 60ml ,Methylated Spirit,-,50ML,150,112.78,8,Adequate Stocks,,902.24,1200
Linus Chemist,Elyvate 0.1%W/W,Betamethasone,-,15GM,100,75.19,5,Adequate Stocks,,375.95,500
Linus Chemist,Entamaxin 60 ml 10MG / 250MG / 200MG,Dicyclomine / Diloxanide / Metronidazole,-,60ML,150,112.78,0,Out of Stock,,0,0
Linus Chemist,Hydrocortisone Acetate Ophthalmic Suspension 1%W,Hydrocortisone,-,15GM,150,112.78,3,Adequate Stocks,,338.34000000000003,450
Linus Chemist,Depo.Lydia 150MG / 1ML,Medroxyprogesterone Acetate,-,1ML,200,150.38,1,Adequate Stocks,,150.38,200
Linus Chemist,Gripe Water 2.15MG/5ML / 50MG,Dill Seed Oil / Sodium Bicarbonate,-,60ML,100,75.19,4,Adequate Stocks,,300.76,400
Linus Chemist,Blueseal ,Vaseline,Vaseline Blueseal 45ml,45ML,100,75.19,4,Adequate Stocks,,300.76,400
Linus Chemist,Cold cap original ,Caffeine / Chlorpheniramine / Paracetamol,-,-,20,7.52,24,Adequate Stocks,,180.48,480
Linus Chemist,Zinc for Adults 20MG,Zinc Sulfate,-,-,10,7.52,111,Adequate Stocks,,834.7199999999999,1110
Linus Chemist,Pharmasal ,Capsicum / Methyl Nicotinate / Methyl Salicylate,-,25GM,100,75.19,2,Adequate Stocks,,150.38,200
Linus Chemist,Bamsi Hair Fertilizer Green 50mg,Bamsi Hair Fertilizer Green,Bamsi Hair Fertilizer Green,50mg,60,45.11,5,Adequate Stocks,,225.55,300
Linus Chemist,Depo-Medrol 40MG/1ML,Methylprednisolone,-,5ML,1500,1342,0,Out of Stock,,0,0
Linus Chemist,TN502 (30-35) ,TN502 (30-35),TN502 (30-35),-,200,150.38,3,Adequate Stocks,,451.14,600
Linus Chemist,P2 Original ,Levonorgestrel,P2 Original,-,200,150.38,0,Out of Stock,,0,0
Linus Chemist,Netazox 500MG,Nitazoxanide,-,-,500,375.94,3,Adequate Stocks,,1127.82,1500
Linus Chemist,Alugel ,Antacid,-,100ML,150,112.78,0,Out of Stock,,0,0
Linus Chemist,Cosgrel ,Clopidogrel,-,-,15,11.28,27,Adequate Stocks,,304.56,405
Linus Chemist,Digoxin 125MCG,Digoxin,-,-,5,3.76,95,Adequate Stocks,,357.2,475
Linus Chemist,Sekrol 15MG/5ML,Ambroxol,Ambroxol 100ml,100ML,250,187.97,2,Adequate Stocks,,375.94,500
Linus Chemist,Fluclox 500mg 500MG,Flucloxacillin,Fluclox 500mg,-,20,15,70,Adequate Stocks,,1050,1400
Linus Chemist,Hitoral 200MG,Ketoconazole,-,-,10,7.52,30,Adequate Stocks,,225.6,300
Linus Chemist,Coxirav 120MG,Etoricoxib,etoricoxib 120mg,-,35,26.32,0,Out of Stock,,0,0
Linus Chemist,Esomod 20mg ,Esomeprazole,-,-,10,7,0,Out of Stock,,0,0
Linus Chemist,Sensodyne Fresh Mint ,Toothpaste,-,40ML,350,225.56,1,Adequate Stocks,,225.56,350
Linus Chemist,Lactone 25MG,Spironolactone,-,-,10,7.52,28,Adequate Stocks,,210.56,280
Linus Chemist,Etorix 90MG,Etoricoxib,Cox-90,-,20,15.04,10,Adequate Stocks,,150.39999999999998,200
Linus Chemist,Enzoflam 50MG / 500MG / 15MG,Diclofenac / Paracetamol / Serratopeptidase,enzoflam,-,600,488,1,Adequate Stocks,,488,600
Linus Chemist,Vonac Gel 1%W,Diclofenac,-,20GM,100,75.19,1,Adequate Stocks,,75.19,100
Linus Chemist,Medical Envelopes ,Medicine Envelope,-,-,45,33.83,498,Adequate Stocks,,16847.34,22410
Linus Chemist,Betason-S 0.05%W / 3%W,Betamethasone / Salicylic Acid,-,15GM,200,150.38,3,Adequate Stocks,,451.14,600
Linus Chemist,Cypro-B Plus 2MG/1ML / 1MG/5ML / 0.5MG/5ML,Cyproheptadine / Thiamine / Vitamin B2 / Riboflavin,-,-,20,15.04,14,Adequate Stocks,,210.56,280
Linus Chemist,Sabezole Drs 30MG / 20MG,Domperidone / Rabeprazole,-,-,40,30.08,0,Out of Stock,,0,0
Linus Chemist,Lactulac 10GM/15ML,Lactulose,-,100ML,450,338.35,2,Adequate Stocks,,676.7,900
Linus Chemist,Flugone 30MG / 300MG / 30MG,Caffeine / Paracetamol / Pseudoephedrine,-,-,20,15.04,40,Adequate Stocks,,601.5999999999999,800
Linus Chemist,Generic 1000MG / 500MG,Ceftriaxone / Sulbactam,Bactisul,10ML,300,225.56,3,Adequate Stocks,,676.6800000000001,900
Linus Chemist,Futcare Corn Caps 40%,Salicylic Acid,-,-,100,75.19,1,Adequate Stocks,,75.19,100
Linus Chemist,Generic Adult G21,Infusion IV Giving Set,-,-,20,15.04,0,Out of Stock,,0,0
Linus Chemist,TN553 40-45 ,TN553 40-45,TN553 40-45,-,220,165.41,4,Adequate Stocks,,661.64,880
Linus Chemist,Nicof 60MG/5ML / 2MG/5ML / 6MG/5ML,Ammonium Chloride / Chlorpheniramine / Diphenhydramine,-,60ML,100,75.19,1,Adequate Stocks,,75.19,100
Linus Chemist,Pylotrip 1GM / 500MG / 30MG,Amoxicillin / Clarithromycin / Lansoprazole,Pylotrip,-,2500,1879.7,1,Adequate Stocks,,1879.7,2500
Linus Chemist,Fluclox 250mg 250MG,Flucloxacillin,-,-,100,75,130,Adequate Stocks,,9750,13000
Linus Chemist,Zofran 4MG,Ondansetron,Ondansetron 4mg,-,25,18.8,10,Adequate Stocks,,188,250
Linus Chemist,Methylated 500ml 90%W,Methylated Spirit,-,500ML,150,112.78,2,Adequate Stocks,,225.56,300
Linus Chemist,Tfine 1%W/W,Terbinafine,-,20GM,350,263.16,2,Adequate Stocks,,526.32,700
Linus Chemist,Zincos Dispersible 20MG,Junior Zinc Sulfate,-,-,10,7.52,96,Adequate Stocks,,721.92,960
Linus Chemist,Artane ,Benzhexol,-,-,5,3.76,0,Out of Stock,,0,0
Linus Chemist,Brustan 100MG/5ML / 125MG/5ML,Ibuprofen / Paracetamol,-,100ML,450,338.35,1,Adequate Stocks,,338.35,450
Linus Chemist,Nice and lovely small ,Nice and lovely small,Nice and lovely small,100ML,100,75.19,5,Adequate Stocks,,375.95,500
Linus Chemist,Generic Ointment 2%W,Mupirocin,-,15GM,550,413.53,0,Out of Stock,,0,0
Linus Chemist,Varinil 5MG,Amlodipine,-,-,10,7.52,84,Adequate Stocks,,631.68,840
Linus Chemist,Crepe Bandage 3",Bandage Crepe,-,-,100,75.19,8,Adequate Stocks,,601.52,800
Linus Chemist,Plasil syrup 5MG/5ML,Metoclopramide,-,60ML,150,75.19,2,Adequate Stocks,,150.38,300
Linus Chemist,Mediven Cream ,Betamethasone,-,15GM,100,75.19,0,Out of Stock,,0,0
Linus Chemist,Remidin 0.2%W,Chlorhexidine,-,100ML,350,263.16,1,Adequate Stocks,,263.16,350
Linus Chemist,Coramide 2MG,Loperamide,-,-,50,15.04,4,Adequate Stocks,,60.16,200
Linus Chemist,Goldtouch Beauty Cream 5%W,Palmitic Acid,-,15GM,150,112.78,0,Out of Stock,,0,0
Linus Chemist,Herbigor Honey & Lemon ,Cough Syrup,HTC,100ML,350,263.16,1,Adequate Stocks,,263.16,350
Linus Chemist,colgate 35g,Colgate,-,35,70,52.63,1,Adequate Stocks,,52.63,70
Linus Chemist,Entamaxin 250MG / 200MG,Diloxanide / Metronidazole,-,-,300,275,0,Out of Stock,,0,0
Linus Chemist,Pdl syrup ,Prednisolone,-,50ML,250,187.97,3,Adequate Stocks,,563.91,750
Linus Chemist,Erocin 500MG,Erythromycin,Erythromycin,-,20,15.04,10,Adequate Stocks,,150.39999999999998,200
Linus Chemist,Vermout ,Mebendazole,-,30ML,100,75.19,0,Out of Stock,,0,0
Linus Chemist,Olopat Eye 0.1%W,Olopatadine,Olopatadine 1%,5ML,400,300.75,1,Adequate Stocks,,300.75,400
Linus Chemist,TN378 (18-23) ,TN378 (18-23),TN378 (18-23),-,150,112.78,3,Adequate Stocks,,338.34000000000003,450
Linus Chemist,Otorex 2.7%W / 5%W / 2%W,Benzocaine / Chlorobutanol / Paradichlorobenzene,-,10ML,450,338.35,0,Out of Stock,Expired,0,0
Linus Chemist,Dolor Gel 1%W,Diclofenac,-,20GM,100,52.63,0,Out of Stock,,0,0
Linus Chemist,Lucozid 120 150,Lucozid 120,-,150ml,120,90.23,3,Adequate Stocks,,270.69,360
Linus Chemist,T.E.O ,Tetracycline,-,3.5GM,50,37.59,2,Adequate Stocks,,75.18,100
Linus Chemist,KY  6016 (40-45) ,KY  6016 (40-45),KY  6016 (40-45),-,250,187.97,3,Adequate Stocks,,563.91,750
Linus Chemist,Cartisafe Forte 250MG / 750MG / 200MG,Calcium / Glucosamine / Methylsulfonylmethane,Cartis forte,-,50,37.59,30,Adequate Stocks,,1127.7,1500
Linus Chemist,Drox 500MG,Cefadroxil,-,-,35,26.32,15,Adequate Stocks,,394.8,525
Linus Chemist,Anomex 0.25%W / 3%W / 0.5%W,Hydrocortisone / Lidocaine (Lignocaine) / Zinc Oxide,-,-,650,488.72,0,Out of Stock,,0,0
Linus Chemist,Ventolin Inhaler ,Salbutamol,-,-,600,451.13,0,Out of Stock,Less than 3 Months to Expiry,0,0
Linus Chemist,Ventolin tabs 4MG,Salbutamol,-,-,20,15.04,32,Adequate Stocks,,481.28,640
Linus Chemist,Seven Seas ,Cod Liver,-,100ML,750,650,0,Out of Stock,,0,0
Linus Chemist,Surgical Spirit ,Surgical Spirit,-,60ML,70,52.63,1,Adequate Stocks,,52.63,70
Linus Chemist,Generic 50GM,Cotton Wool,-,-,50,37.59,7,Adequate Stocks,,263.13,350
Linus Chemist,Melcam 15mg ,Meloxicam,-,-,20,15.04,130,Adequate Stocks,,1955.1999999999998,2600
Linus Chemist,hair ring ,Hair Ring,hair ring,-,50,37.59,9,Adequate Stocks,,338.31000000000006,450
Linus Chemist,Oxifast-P 4MG / 500MG,Lornoxicam / Paracetamol,-,-,50,37.59,10,Adequate Stocks,,375.90000000000003,500
Linus Chemist,Hydrochlorothiazide 25MG,Hydrochlorothiazide,hctz,-,25,18.8,5,Adequate Stocks,,94,125
Linus Chemist,Qtex ,Qtex,Qtex ndogo,10ML,30,22.56,28,Adequate Stocks,,631.68,840
Linus Chemist,Canazol Vaginal 200MG,Clotrimazole,-,-,150,112.78,0,Out of Stock,,0,0
Linus Chemist,Nice and lovely 360ml kubwa ,Nice and lovely 360ml kubwa,Nice and lovely 360ml kubwa,360,350,263.16,9,Adequate Stocks,,2368.44,3150
Linus Chemist,Nervi Doc 50MG,Vitamin B3 Nicotinamide,-,-,80,60.15,8,Adequate Stocks,Less than 3 Months to Expiry,481.2,640
Linus Chemist,Funbact-A 0.05%W / 1%W/W / 0.5%W/W,Betamethasone / Clotrimazole / Neomycin,-,30GM,250,187.97,1,Adequate Stocks,,187.97,250
Linus Chemist,Phenobarbital ,Phenobarbital (Phenobarbitone),-,-,30,22.56,0,Out of Stock,,0,0
Linus Chemist,Kitchen Towel ,Kitchen Towel,Kitchen Towel,-,150,112.78,6,Adequate Stocks,,676.6800000000001,900
Linus Chemist,Glucophage 1000MG,Metformin,-,-,10,7.52,15,Adequate Stocks,,112.8,150
Linus Chemist,Olastar ,Olanzapine 10mg,-,-,20,15.04,30,Adequate Stocks,,451.2,600
Linus Chemist,Good Morning ,Cough Syrup,-,60ML,150,112.78,5,Adequate Stocks,,563.9,750
Linus Chemist,Gacet 250MG,Paracetamol,-,-,50,37.59,2,Adequate Stocks,,75.18,100
Linus Chemist,Piroxicam 20MG,Piroxicam,-,-,5,3.76,0,Out of Stock,,0,0
Linus Chemist,Esomod 40 ,Esomeprazole,-,-,20,15.04,0,Out of Stock,,0,0
Linus Chemist,Ridon ,Domperidone,-,-,10,7.52,220,Adequate Stocks,,1654.3999999999999,2200
Linus Chemist,Osteocare ,Glucosamine / Multivitamin - Bones,-,-,30,22.56,0,Out of Stock,,0,0
Linus Chemist,Gludown ,Metformin,Gludown,-,5,4,153,Adequate Stocks,,612,765
Linus Chemist,Black Shampo Dexe ,Black Shampo Dexe,Black Shampo Dexe,-,50,37.59,33,Adequate Stocks,,1240.47,1650
Linus Chemist,Blue Cannula G22,Cannula - IV,-,-,20,15.04,1,Adequate Stocks,,15.04,20
Linus Chemist,Aceclofenac 100mg ,Aceclofenac,-,-,10,7.52,26,Adequate Stocks,,195.51999999999998,260
Linus Chemist,watch ,Watch,watch small,-,70,52.63,7,Adequate Stocks,,368.41,490
Linus Chemist,Plain ,BG Glutamin,-,-,20,15.04,15,Adequate Stocks,,225.6,300
Linus Chemist,Hb Test ,Hb Test,Hb Test,-,200,150.38,54,Adequate Stocks,,8120.5199999999995,10800
Linus Chemist,Ibugesic 100MG/5ML / 125MG/5ML,Ibuprofen / Paracetamol,-,60ML,150,112.78,0,Out of Stock,,0,0
Linus Chemist,TML 0.5%W,Timolol,-,5ML,250,187.97,0,Out of Stock,,0,0
Linus Chemist,PCM syrup 10ml 120MG/5ML,Paracetamol,-,100ML,100,75.19,3,Adequate Stocks,,225.57,300
Linus Chemist,Stomacid 120MG / 250MG,Aluminium / Magnesium,-,-,10,7.5,12,Adequate Stocks,,90,120
Linus Chemist,Clarythro 500mg ,Clarithromycin,-,-,45,33.83,20,Adequate Stocks,,676.5999999999999,900
Linus Chemist,Movit  styling H. Gel Chemical ,Movit  styling H. Gel Chemical,Movit  styling H. Gel Chemical,240ML,200,150.38,9,Adequate Stocks,,1353.42,1800
Linus Chemist,Ingrams ,Omega-3,Omega-3,-,25,18.8,30,Adequate Stocks,,564,750
Linus Chemist,Clotrine B Cream 0.05%W / 1%W,Betamethasone / Clotrimazole,-,15GM,150,112.78,1,Adequate Stocks,,112.78,150
Linus Chemist,Talgentis 5MG,Tadalafil,-,-,60,45.11,10,Adequate Stocks,,451.1,600
Linus Chemist,Lum-Artrm  Susp 180MG / 1080MG,Artemether / Lumefantrine,-,60ML,150,112.78,2,Adequate Stocks,,225.56,300
Linus Chemist,Neopeptine Rb 20MG / 2MG / 10MG,Alpha Amylase / Dill Seed Oil / Papain,-,15ML,450,338.35,1,Adequate Stocks,,338.35,450
Linus Chemist,Waxoff ,Waxoff,Waxoff,10ML,250,187.97,2,Adequate Stocks,,375.94,500
Linus Chemist,L-Montus 5MG / 10MG,Levocetirizine / Montelukast,-,-,50,37.59,5,Adequate Stocks,,187.95000000000002,250
Linus Chemist,CPM (Rinovil / Niramin) 4MG,Chlorpheniramine,-,-,2,1.5,336,Adequate Stocks,,504,672
Linus Chemist,Acnesol Cream 0.05%W,Tretinoin,-,25GM,300,225.56,0,Out of Stock,,0,0
Linus Chemist,Jointace /  /,Chondroitin / Glucosamine / Multivitamin - General,Joint plus,-,70,52.63,0,Out of Stock,,0,0
Linus Chemist,Body luxe spray ,Body luxe spray,Body luxe spray,50ML,120,90.23,11,Adequate Stocks,,992.5300000000001,1320
Linus Chemist,Bluesal ,Vaseline,Bluesal for men,240ML,380,285.71,2,Adequate Stocks,,571.42,760
Linus Chemist,Natoa ,Mebendazole,-,30ML,100,75.19,3,Adequate Stocks,,225.57,300
Linus Chemist,Eflaron Plus syrup 125MG/5ML / 100MG/5ML,Diloxanide / Metronidazole,-,100ML,200,159.8,7,Adequate Stocks,,1118.6000000000001,1400
Linus Chemist,Claxyclav 625mg ,Amoxicillin / Clavulanic Acid,-,-,40,25,0,Out of Stock,,0,0
Linus Chemist,Sign Kit 1000MG / 500MG / 20MG,Amoxicillin / Clarithromycin / Esomeprazole,-,-,3000,2500,1,Adequate Stocks,,2500,3000
Linus Chemist,loratidine 10mg 10MG,Loratadine,-,-,10,5,27,Adequate Stocks,,135,270
Linus Chemist,Pink Cannula G20,Cannula - IV,-,-,20,15.04,6,Adequate Stocks,,90.24,120
Linus Chemist,Femiplan ,Ethinylestradiol / Levonorgestrel,-,-,120,90.23,0,Out of Stock,,0,0
Linus Chemist,Diclofenac Sodium Injection 75MG/3ML,Diclofenac,-,3ML,200,150.38,21,Adequate Stocks,,3157.98,4200
Linus Chemist,Epilim 200MG,Valproic Acid,epilim syrup,300ML,2100,1578.95,0,Out of Stock,,0,0
Linus Chemist,valon ,Valon Medium,Valon medium,95,150,112.78,8,Adequate Stocks,,902.24,1200
Linus Chemist,Hycin 5MG/5ML,Hyoscine Butylbromide,Buscopan syrup,60ML,150,112.78,2,Adequate Stocks,,225.56,300
Linus Chemist,Dulcolax 5MG,Bisacodyl,Dulcolax,-,50,37.59,23,Adequate Stocks,,864.57,1150
Linus Chemist,Dyrasun 250MG / 200MG,Diloxanide / Metronidazole,-,-,300,225.56,0,Out of Stock,,0,0
Linus Chemist,Nil Worm ,Albendazole,-,-,50,37.59,0,Out of Stock,,0,0
Linus Chemist,plasil inj 10MG/2ML,Metoclopramide,-,2ML,200,150.38,0,Out of Stock,,0,0
Linus Chemist,Ranferon 5MCG / 305MG / 0.75MG,Cyanocobalamin / Ferrous Fumarate / Folic Acid,-,-,20,15.04,30,Adequate Stocks,,451.2,600
Linus Chemist,Superior SIZE 23,Blade Surgical,Scapel,-,20,15.04,19,Adequate Stocks,,285.76,380
Linus Chemist,Safe/Choice-72 0.75MG,Levonorgestrel,Safe/Choice-72,-,100,75.19,0,Out of Stock,,0,0
Linus Chemist,Concor 5MG,Bisoprolol,-,-,35,26.32,0,Out of Stock,,0,0
Linus Chemist,Mefenamic 500MG,Mefenamic Acid,-,-,15,11.28,10,Adequate Stocks,,112.8,150
Linus Chemist,Cerecare 500MG,Citicoline Sodium,-,-,100,75.19,1,Adequate Stocks,,75.19,100
Linus Chemist,Kaluma Strong Ya kumeza 400MG / 50MG / 200MG,Aspirin (Acetylsalicylic Acid) / Caffeine / Paracetamol,-,-,20,15.04,37,Adequate Stocks,,556.48,740
Linus Chemist,Cetzan-10 10MG,Cetirizine,-,-,5,3.76,114,Adequate Stocks,,428.64,570
Linus Chemist,Benzhexol 5MG,Trihexyphenidyl,-,-,5,3.76,0,Out of Stock,,0,0
Linus Chemist,Levoflox 500mg 500MG,Levofloxacin,-,-,35,20,0,Out of Stock,,0,0
Linus Chemist,Atenol 50MG,Atenolol,Atenolol cosmos,-,15,11.28,11,Adequate Stocks,,124.08,165
Linus Chemist,Seprin 200MG/5ML / 40MG/5ML,Sulfamethoxazole / Trimethoprim,-,60ML,50,37.59,0,Out of Stock,,0,0
Linus Chemist,Baby Powder ,Baby Powder,Baby Powder,-,30,22.56,8,Adequate Stocks,,180.48,240
Linus Chemist,Sulphur 10%W/W,Sulfur,-,15GM,100,75.19,0,Out of Stock,,0,0
Linus Chemist,Artemether Injection ,Artemether,-,1ML,200,150.38,2,Adequate Stocks,,300.76,400
Linus Chemist,Protas 20MG,Esomeprazole,-,-,20,15.04,63,Adequate Stocks,,947.52,1260
Linus Chemist,Dye subaru ,Dye subaru,Dye subaru,-,100,75.19,31,Adequate Stocks,,2330.89,3100
Linus Chemist,Posnide 1%W,Povidone Iodine,-,100ML,150,112.78,2,Adequate Stocks,,225.56,300
Linus Chemist,Cephastal 125MG/5ML,Cefalexin,-,100ML,200,150.38,0,Out of Stock,,0,0
Linus Chemist,Generic Paediatric 4MG,Montelukast,montel sachet,-,30,22.56,11,Adequate Stocks,,248.16,330
Linus Chemist,Fastum 2.5GM/GM,Ketoprofen,-,100GM,3200,2406.02,0,Out of Stock,,0,0
Linus Chemist,Nogluc ,Glibenclamide,-,-,7.5,3,0,Out of Stock,,0,0
Linus Chemist,Amoxil 60ml ,Amoxicillin,-,60ML,50,37.59,2,Adequate Stocks,,75.18,100
Linus Chemist,Bangle ya mkono ,Bangle ya mkono,Bangle ya mkono,-,50,37.59,14,Adequate Stocks,,526.26,700
Linus Chemist,Menthoplus Balm ,Menthol,-,9GM,50,37.59,1,Adequate Stocks,,37.59,50
Linus Chemist,Glucomet Film Coated 500MG,Glucomet 500,Glucomet 500,-,5,3.76,0,Out of Stock,,0,0
Linus Chemist,chain ,Chain,Single chain,-,100,75.19,5,Adequate Stocks,,375.95,500
Linus Chemist,Dexa eye drops 0.1%W,Dexamethasone,-,5ML,250,187.97,1,Adequate Stocks,,187.97,250
Linus Chemist,Cefixime 400mg ,Cefixime,-,-,40,30.08,30,Adequate Stocks,,902.4,1200
Linus Chemist,KY 60-17 ,KY 60-17,KY 60-17,-,250,187.97,3,Adequate Stocks,,563.91,750
Linus Chemist,Acirax 5%W/W,Acyclovir,-,10GM,250,187.97,0,Out of Stock,,0,0
Linus Chemist,Brufen 100ml ,Ibuprofen,-,100ML,100,75.19,5,Adequate Stocks,,375.95,500
Linus Chemist,Olcort ,Hydrocortisone,-,15GM,100,75.19,6,Adequate Stocks,,451.14,600
Linus Chemist,Arimis Ndogo ,Arimis Ndogo,Arimis Ndogo,20ML,25,18.8,12,Adequate Stocks,,225.60000000000002,300
Linus Chemist,Tacrovate 0.3MG/GM,Tacrolimus,-,10GM,900,676.69,0,Out of Stock,,0,0
Linus Chemist,Atstat 20MG,Atorvastatin,-,-,20,15.04,27,Adequate Stocks,,406.08,540
Linus Chemist,Generic / 500ML,Hartmann's Solution / Ringer's Lactate,RL,500ml,300,225.56,0,Out of Stock,,0,0
Linus Chemist,Nosfree Saline Nasal Drops 0.9%W,Normal Saline,-,15ML,100,75.19,4,Adequate Stocks,,300.76,400
Linus Chemist,Norash 1.5%W/W / 20%W/W / 7.5%W,Calamine Lotion / Dimethicone / Zinc Oxide,-,20GM,400,300.75,0,Out of Stock,,0,0
Linus Chemist,Ribena ,Ribena,Ribena 120,150ml,120,90.23,0,Out of Stock,,0,0
Linus Chemist,PCM I.V 10MG/1ML,Paracetamol,-,100ML,500,375.94,3,Adequate Stocks,,1127.82,1500
Linus Chemist,Tegretol ,Carbamazepine,-,-,7.5,5,218,Adequate Stocks,,1090,1635
Linus Chemist,Softcare Baby Diaper LARGE,Diapers,-,-,140,105.26,0,Out of Stock,,0,0
Linus Chemist,Fincar 5MG,Finasteride,-,-,130,97.74,0,Out of Stock,,0,0
Linus Chemist,Buscopan i.v 20MG/1ML,Hyoscine Butylbromide,-,1ML,200,150.38,19,Adequate Stocks,,2857.22,3800
Linus Chemist,PCM 60ml 120MG/5ML,Paracetamol,-,60ML,50,37.59,0,Out of Stock,,0,0
Linus Chemist,Ascard ,Aspirin (Acetylsalicylic Acid),-,-,5,3.9,70,Adequate Stocks,,273,350
Linus Chemist,Vitamin ,Vitamin B Complex,-,3.5ml,200,150,3,Adequate Stocks,,450,600
Linus Chemist,Celestamine ,Betamethasone / Dexchlorpheniramine,-,-,20,15.04,3,Adequate Stocks,,45.12,60
Linus Chemist,Imaxone ,Ceftriaxone,-,//,200,150.38,0,Out of Stock,,0,0
Linus Chemist,Watch Kubwa ,Watch Kubwa,Watch Kubwa,-,180,135.34,3,Adequate Stocks,,406.02,540
Linus Chemist,Carticare Forte 200MG / 750MG,Chondroitin / Glucosamine,cartimove,-,65,48.87,14,Adequate Stocks,,684.18,910
Linus Chemist,Scrubbing brush ndogo ,Scrubbing brush ndogo,Scrubbing brush ndogo,-,50,37.59,6,Adequate Stocks,,225.54000000000002,300
Linus Chemist,Glucomet Film Coated 850MG,Metformin,Glucomet 850,-,10,7.52,38,Adequate Stocks,,285.76,380
Linus Chemist,Stugeron 25MG,Cinnarizine,-,-,25,18.8,21,Adequate Stocks,,394.8,525
Linus Chemist,Medicrepe 3",Bandage Gauze,-,-,100,75.19,2,Low Stocks,Less than 3 Months to Expiry,150.38,200
Linus Chemist,Cyclopam-P 20MG / 500MG,Dicycloverine Hydrochloride / Paracetamol,-,-,30,25,2,Adequate Stocks,,50,60
Linus Chemist,Bamsi Styling Hair Gel ,Bamsi Styling Hair Gel,Bamsi Styling Hair Gel,-,100,75.19,12,Adequate Stocks,,902.28,1200
Linus Chemist,Hydralazine 25MG,Hydralazine,-,-,10,7.52,99,Adequate Stocks,,744.4799999999999,990
Linus Chemist,Just Zinc 20MG,Zinc Sulfate,-,-,10,7.52,0,Out of Stock,,0,0
Linus Chemist,Panadol Extra ,Caffeine / Paracetamol,-,-,10,7,20,Adequate Stocks,,140,200
Linus Chemist,ctx-480mg 400MG / 80MG,Sulfamethoxazole / Trimethoprim,-,-,5,3,75,Adequate Stocks,,225,375
Linus Chemist,Emitoss 4MG,Ondansetron,-,-,50,37.59,7,Adequate Stocks,,263.13,350
Linus Chemist,Steron 5MG,Norethisterone,-,-,30,22.56,29,Adequate Stocks,,654.24,870
Linus Chemist,Cefuroxime 500mg ,Cefuroxime 500mg,-,-,40,30.08,30,Adequate Stocks,,902.4,1200
Linus Chemist,Malaria RDT ,Test: Malaria Rdt,-,-,100,75.19,0,Out of Stock,,0,0
Linus Chemist,Panadol Advance ,Paracetamol,-,-,5,3.76,22,Adequate Stocks,,82.72,110
Linus Chemist,Flatameal Ds 200MG/5ML / 400MG/5ML / 30MG/5ML,Aluminium / Magnesium / Simethicone,-,200ML,400,300.75,0,Out of Stock,,0,0
Linus Chemist,Entamaxin 100ml 10MG / 250MG / 200MG,Dicyclomine / Diloxanide / Metronidazole,-,100ML,250,187.97,0,Out of Stock,,0,0
Linus Chemist,Generic 100MG,Phenytoin,-,-,5,3.76,30,Adequate Stocks,,112.8,150
Linus Chemist,Cripton 2.5MG,Bromocriptine,-,-,50,37.59,3,Adequate Stocks,,112.77000000000001,150
Linus Chemist,Waterguard ,Chlorine,-,150ML,100,75.19,2,Adequate Stocks,,150.38,200
Linus Chemist,Bamsi moulding Gel Wax ,Bamsi moulding Gel Wax,Bamsi moulding Gel Wax,-,180,135.34,11,Adequate Stocks,,1488.74,1980
Linus Chemist,Coconut oil ,Coconut oil,Coconut oil 70mls,70mls,60,45.11,5,Adequate Stocks,,225.55,300
Linus Chemist,Dexa tabs 0.5MG,Dexamethasone,-,-,10,7.52,95,Adequate Stocks,,714.4,950
Linus Chemist,Lobak 250MG / 50MG / 325MG,Chlorzoxazone / Diclofenac / Paracetamol,-,-,20,15.04,0,Out of Stock,,0,0
Linus Chemist,Roseleaf ndogo ,Roseleaf ndogo,Roseleaf ndogo,-,100,75.19,4,Adequate Stocks,,300.76,400
Linus Chemist,Flagyl 200mg 200MG,Metronidazole,-,-,2,1.5,160,Adequate Stocks,,240,320
Linus Chemist,Lonet 50MG,Atenolol,-,-,10,7.52,72,Adequate Stocks,,541.4399999999999,720
Linus Chemist,Generic Scored 5MG,Carbimazole,-,-,5,3.76,10,Adequate Stocks,,37.599999999999994,50
Linus Chemist,Cefalexin 500mg 500MG,Cefalexin,-,-,15,11.28,100,Adequate Stocks,,1128,1500
Linus Chemist,Tavent CFC Free ,Salbutamol,-,-,450,338.35,1,Adequate Stocks,,338.35,450
Linus Chemist,Glycerine ,Glycerin,Caro light Glycerine and others,50ML,50,37.59,15,Adequate Stocks,,563.85,750
Linus Chemist,Lanso H. Pylori 1000MG / 500MG / 20MG,Amoxicillin / Clarithromycin / Esomeprazole,-,-,1500,1127.82,2,Adequate Stocks,,2255.64,3000
Linus Chemist,Carditan ,Losartan,-,-,10,7.52,0,Out of Stock,,0,0
Linus Chemist,Lacof Paediatric ,Cough Syrup,-,100ML,150,112.78,7,Adequate Stocks,,789.46,1050
Linus Chemist,Xarelto 15MG,Rivaroxaban,-,-,75,56.39,11,Adequate Stocks,,620.29,825
Linus Chemist,Cartilforte 150MG / 300MG,Chondroitin / Glucosamine,-,-,70,52.63,0,Out of Stock,,0,0
Linus Chemist,Tridex ,Ammonium Hydrochloride / Diphenhydramine / Promethazine,-,60ML,70,52.63,0,Out of Stock,,0,0
Linus Chemist,Pharmasal 0.1%W / 1%W / 5%W,Capsicum / Methyl Nicotinate / Methyl Salicylate,-,25GM,500,375.94,1,Adequate Stocks,,375.94,500
Linus Chemist,Indocid ,Indomethacin,-,-,10,8,12,Adequate Stocks,,96,120
Linus Chemist,cerecare plus ,Ceregare Plus,cerecare plus,-,150,112.78,10,Adequate Stocks,,1127.8,1500
Linus Chemist,Eye Pencil ,Eye Pencil,Eye Pencil,-,30,22.56,21,Adequate Stocks,,473.76,630
Linus Chemist,Relcer Gel ,Antacid,-,100ML,350,263.16,0,Out of Stock,,0,0
Linus Chemist,Diagluc 80MG,Gliclazide,-,-,25,18.8,0,Out of Stock,,0,0
Linus Chemist,Ampiclox 500mg 500mg,Ampicillin / Cloxacillin,-,-,10,7.5,0,Out of Stock,,0,0
Linus Chemist,Zink DT Dispersible 20MG,Zinc Sulfate,-,-,10,7.52,162,Adequate Stocks,,1218.24,1620
Linus Chemist,Parkin 5MG,Benzhexol,Cosmos,-,10,7.52,0,Out of Stock,,0,0
Linus Chemist,BamBamsi Hair Food Yellow 50MG,BamBamsi Hair Food Yellow,BamBamsi Hair Food Yellow,50mg,60,45.11,14,Adequate Stocks,,631.54,840
Linus Chemist,Generic 10%W,Dextrose,D10,500ML,300,225.56,1,Adequate Stocks,,225.56,300
Linus Chemist,Lysodol-P ,Aceclofenac / Paracetamol,-,-,20,15.04,15,Adequate Stocks,,225.6,300
Linus Chemist,Bamsi hair Food yellow ndogo ,Bamsi hair Food yellow ndogo,Bamsi hair Food yellow ndogo,-,60,45.11,19,Adequate Stocks,,857.09,1140
Linus Chemist,Black rose dye ,Black rose dye,Black rose dye,-,30,22.56,10,Adequate Stocks,,225.6,300
Linus Chemist,Cypro-B Plus Syrup 2MG/5ML / 1MG/5ML / 0.5MG,Cyproheptadine / Thiamine / Vitamin B2 / Riboflavin,-,200ML,350,263.16,1,Adequate Stocks,,263.16,350
Linus Chemist,Scotts Emulsion 72.5MG/15ML / 850IU/15ML / 85IU/15ML,Sodium Hypophosphite / Vitamin A Retinoids / Vitamin D Cholecalciferol,-,100ML,400,300.75,0,Out of Stock,,0,0
Linus Chemist,Strepsils Regular ,Lozenges,-,-,50,37.59,34,Adequate Stocks,,1278.0600000000002,1700
Linus Chemist,valon ,Valon,valon small 50ml,50ML,90,67.67,9,Adequate Stocks,,609.03,810
Linus Chemist,Skala spray ,Skala spray,Skala spray,50ML,150,112.78,8,Adequate Stocks,,902.24,1200
Linus Chemist,Omega-H3 ,Omega-3,-,-,55,41.35,30,Adequate Stocks,,1240.5,1650
Linus Chemist,Acyclovir 400mg 400MG,Acyclovir,-,-,30,22.56,26,Adequate Stocks,,586.56,780
Linus Chemist,Lipstick ,Lipstick,Lipstick,-,50,37.59,33,Adequate Stocks,,1240.47,1650
Linus Chemist,sifa ,Savviet,-,-,100,75.19,15,Adequate Stocks,,1127.85,1500
Linus Chemist,Cartil Forte 200MG / 500MG,Chondroitin / Glucosamine,-,-,70,52.63,0,Out of Stock,,0,0
Linus Chemist,Hedex ,Aspirin (Acetylsalicylic Acid) / Caffeine / Paracetamol,-,-,10,7.52,8,Adequate Stocks,,60.16,80
Linus Chemist,Levocet 10mg 5MG,Levocetirizine,-,-,10,7.52,106,Adequate Stocks,,797.12,1060
Linus Chemist,Elastoplast ,Plaster - Fabric,-,-,10,7.52,105,Adequate Stocks,,789.5999999999999,1050
Linus Chemist,Onecid 250MG/15ML / 200MG/15ML / 250MG/15ML,Aluminium / Antacid / Magnesium,-,200ML,100,75.19,0,Out of Stock,,0,0
Linus Chemist,ceregard forte ,Ceregard Forte,Ceregard forte,-,2000,1503.76,2,Adequate Stocks,,3007.52,4000
Linus Chemist,Bamsi styling Gel kubwa clear ,Bamsi styling Gel kubwa clear,Bamsi styling Gel kubwa clear,200ML,200,150.38,3,Adequate Stocks,,451.14,600
Linus Chemist,Fanlar ,Pyrimethamine / Sulfadoxine,-,-,50,37.59,13,Adequate Stocks,,488.6700000000001,650
Linus Chemist,Ciproken ,Ciprofloxacin,Ciproflox eye drops,5ML,200,150.38,6,Adequate Stocks,Less than 3 Months to Expiry,902.28,1200
Linus Chemist,Other always ,Pad,-,-,60,45.11,6,Adequate Stocks,,270.65999999999997,360
Linus Chemist,Vaseline ,Blueseal Vaseline For Men,Bluesea for men,45ML,120,90.23,8,Adequate Stocks,,721.84,960
Linus Chemist,Tranzenamic ,Tranexamic Acid,-,-,50,37.59,19,Adequate Stocks,,714.21,950
Linus Chemist,Tricohist ,Cough Syrup,-,60ML,70,52.63,0,Out of Stock,,0,0
Linus Chemist,Jumbo Roll 800 Sheets,Tissue Paper,-,-,90,67.67,12,Adequate Stocks,,812.04,1080
Linus Chemist,Clozole 1%W,Clotrimazole,-,20GM,100,75.19,9,Adequate Stocks,,676.71,900
Linus Chemist,Amoxil 250mg 250MG,Amoxicillin,-,-,4,3.01,15,Adequate Stocks,,45.15,60
Linus Chemist,Tramadol 50MG,Tramadol,-,-,10,7.52,80,Adequate Stocks,,601.5999999999999,800
Linus Chemist,Tinisky ,Tinidazole,-,-,20,15.04,13,Adequate Stocks,,195.51999999999998,260
Linus Chemist,Amoxil 100ml ,Amoxicillin,-,100ML,100,75.19,0,Out of Stock,,0,0
Linus Chemist,Non-Absorbable Surgical Needle Suture 26MM / NO.3,Needle - Cutting / Suture - Nylon,-,-,500,375.94,6,Adequate Stocks,,2255.64,3000
Linus Chemist,Salbutamol syrup 60ml 2MG/5ML,Salbutamol,-,60ML,50,37.59,4,Adequate Stocks,,150.36,200
Linus Chemist,Dawastin 100000IU/1ML,Nystatin,-,30ML,150,112.78,3,Adequate Stocks,,338.34000000000003,450
Linus Chemist,face towel ,Face Towel,Face towel,-,50,37.59,12,Adequate Stocks,,451.08000000000004,600
Linus Chemist,Olastat 5 5MG,Olanzapine,-,-,15,10,0,Out of Stock,,0,0
Linus Chemist,Relax Mentho Balm ,Menthol,-,9GM,40,30.08,0,Out of Stock,,0,0
Linus Chemist,Konazol Cream 2%W,Ketoconazole,-,15GM,120,90.23,0,Out of Stock,,0,0
Linus Chemist,Bamsi styling H. Gel ,Bamsi styling H. Gel,Bamsi styling H. Gel kubwa,150GM,200,150.38,6,Adequate Stocks,,902.28,1200
Linus Chemist,Cipro-T ,Ciprofloxacin / Tinidazole,-,-,200,150.38,0,Out of Stock,,0,0
Linus Chemist,Buscopan ,Hyoscine Butylbromide,-,-,10,7.52,121,Adequate Stocks,,909.92,1210
Linus Chemist,Dawahist 18MG/1ML / 5MG/5ML / 7.5MG/5ML,Ammonium Chloride / Diphenhydramine / Ephedrine,-,60ML,60,45.11,2,Adequate Stocks,,90.22,120
Linus Chemist,Ashton And Parsons ,Teething Powder,-,-,50,37.59,3,Adequate Stocks,,112.77000000000001,150
Linus Chemist,Siclofen Modified Release 200MG,Aceclofenac,-,-,20,15.04,16,Adequate Stocks,,240.64,320
Linus Chemist,Floxapen 125MG/5ML,Flucloxacillin,-,100ML,250,187.97,0,Out of Stock,,0,0
Linus Chemist,Mtm 50MG,Sildenafil,-,-,30,22.56,32,Adequate Stocks,,721.92,960
Linus Chemist,Liquid Parafin ,Paraffin,-,100ML,100,75.19,7,Adequate Stocks,,526.3299999999999,700
Linus Chemist,Whitfields Ointment 6%W / 3%W,Benzoic Acid / Salicylic Acid,-,20GM,100,75.19,2,Adequate Stocks,,150.38,200
Linus Chemist,Glucomet-N 5MG / 500MG,Glibenclamide / Metformin,-,-,20,15.04,28,Adequate Stocks,,421.12,560
Linus Chemist,ceregard ,Ceregard Plain,ceregard plain,-,1000,751.88,2,Adequate Stocks,,1503.76,2000
Linus Chemist,Povidone Iodine 10%W,Povidone Iodine,Covigen,50ml,150,112.78,3,Adequate Stocks,,338.34000000000003,450
Linus Chemist,Cardace 5MG,Enalapril,-,-,10,7.52,10,Adequate Stocks,,75.19999999999999,100
Linus Chemist,TN190 (40-45) ,TN190 (40-45),TN190 (40-45),-,230,172.93,2,Adequate Stocks,,345.86,460
Linus Chemist,Oxifast 8MG / 8MG,Lornoxicam / Thiocholchicoside,-,-,80,60.15,0,Out of Stock,,0,0
Linus Chemist,Azithrosafe ,Azithromycin,-,-,150,112.78,0,Out of Stock,,0,0
Linus Chemist,AL ,Artemether / Lumefantrine,-,-,50,35,2,Adequate Stocks,,70,100
Linus Chemist,Diprofos 5MG/2ML,Betamethasone,-,2ML,1400,1052.63,0,Out of Stock,,0,0
Linus Chemist,Dexa I.V 4MG/1ML,Dexamethasone,Dexa I.V,1ML,200,150.38,4,Adequate Stocks,,601.52,800
Linus Chemist,DICARD 50mg,Sacubitril / Valsartan,-,-,85,63.91,0,Out of Stock,,0,0
Linus Chemist,Probeta-N ,Betamethasone / Neomycin,-,7.5ML,200,150.38,1,Adequate Stocks,,150.38,200
Linus Chemist,Pregnancy Hcg Test ,Test: Urine Pregnancy,pdt,-,50,37.59,34,Adequate Stocks,,1278.0600000000002,1700
Linus Chemist,AMG 30-45 ,AMG 30-45,AMG 30-45,-,200,150.38,3,Adequate Stocks,,451.14,600
Linus Chemist,Tramadol 100mg 100MG,Tramadol,tramadol 100mg,-,20,15.04,0,Out of Stock,,0,0
Linus Chemist,Rubber bands ,Rubber Bands,Rubber bands,-,30,22.56,6,Adequate Stocks,,135.35999999999999,180
Linus Chemist,Carditan-H ,Hydrochlorothiazide / Losartan,-,-,10,7.52,37,Adequate Stocks,,278.24,370
Linus Chemist,T-Guard ,Toothpaste,-,140GM,80,60.15,0,Out of Stock,,0,0
Linus Chemist,Oncosil 250MG,Terbinafine,-,-,40,30.08,30,Adequate Stocks,,902.4,1200
Linus Chemist,gaba 6mg,Gabacare,-,-,75,56.39,0,Out of Stock,,0,0
Linus Chemist,Babycare 25g ,Babycare 25g,Babycare 25g,25GM,40,30.08,2,Adequate Stocks,,60.16,80
Linus Chemist,Lunahist 50MG/5ML / 2MG/5ML / 5MG/5ML,Ammonium Chloride / Chlorpheniramine / Diphenhydramine,-,100ML,200,150.38,2,Adequate Stocks,,300.76,400
Linus Chemist,Pronerve 750MCG / 75.3MG,Methylcobalamin / Pregabalin,-,-,120,90.23,0,Out of Stock,,0,0
Linus Chemist,Ibugesic 100MG/5ML,Ibuprofen,-,100ml,200,182.88,0,Out of Stock,,0,0
Linus Chemist,Bonnisan ,Appetite Stimulant,-,120ML,500,375.94,1,Adequate Stocks,,375.94,500
Linus Chemist,Relcer Gel 365MG / 80MG / 100MG,Aluminium / Magnesium / Simethicone,-,180ML,500,375.94,1,Adequate Stocks,,375.94,500
Linus Chemist,X.pen 2.4 Mega ,Benzathine Penicillin,-,//,250,150.38,8,Adequate Stocks,,1203.04,2000
Linus Chemist,Tricohist ,Cough Syrup,-,100ML,200,150.38,0,Out of Stock,,0,0
Linus Chemist,shower cap ,Shower Cap,Shower cap,-,50,37.59,8,Adequate Stocks,,300.72,400
Linus Chemist,Ascoril Expectorant ,Cough Syrup,Salorex,100ML,200,150.38,2,Adequate Stocks,,300.76,400
Linus Chemist,Burnox 0.12GM / 5MG,Acriflavine / Thymol,-,20GM,100,75,1,Adequate Stocks,,75,100
Linus Chemist,Gentamicin Sulfate Injection 80MG/2ML,Gentamicin,-,2ML,200,150.38,19,Adequate Stocks,,2857.22,3800
Linus Chemist,Rocephin Iv 1000MG,Ceftriaxone,-,-,2300,1729.32,0,Out of Stock,,0,0
Linus Chemist,Gastro Gel ,Antacid,-,100ML,150,112.78,2,Adequate Stocks,,225.56,300
Linus Chemist,Nemocid 250MG,Pyrantel,-,-,120,90.23,0,Out of Stock,,0,0
Linus Chemist,Ansell Latex; Non-Powdered MEDIUM,Gloves - Exam,-,-,10,7.52,93,Adequate Stocks,,699.36,930
Linus Chemist,cpm 100ml 2MG/5ML,Chlorpheniramine,-,100ML,100,75.19,3,Adequate Stocks,,225.57,300
Linus Chemist,Salbutamol 100ml 2MG/5ML,Salbutamol,-,100ML,100,75.19,4,Adequate Stocks,,300.76,400
Linus Chemist,Domperidone 1MG/1ML,Domperidone,-,30ML,150,112.78,0,Out of Stock,,0,0
Linus Chemist,Pekee ,Tissue Paper,-,-,30,22.56,7,Adequate Stocks,,157.92,210
Linus Chemist,Calciplex-500 500MG / 250IU,Calcium / Vitamin D Cholecalciferol,-,-,20,15.04,3,Adequate Stocks,Expired,45.12,60
Linus Chemist,Flucloxacillin Sodium Injection 500MG,Flucloxacillin,-,//,200,150.38,0,Out of Stock,Expired,0,0
Linus Chemist,Ranferon-12 ,Ferric Ammonium Citrate / Folic Acid / Vitamin B12,-,200ML,500,375.94,0,Out of Stock,,0,0
Linus Chemist,Comb No Mirror ,Comb No Mirror,Comb No Mirror,-,30,22.56,1,Adequate Stocks,,22.56,30
Linus Chemist,Melcam 7.5mg ,Meloxicam,-,-,10,7.52,40,Adequate Stocks,,300.79999999999995,400
Linus Chemist,Toilex 50grams,Tissue,-,50gs,40,30.08,1,Adequate Stocks,,30.08,40
Linus Chemist,Calpol Infant 120MG/5ML,Paracetamol,-,60ML,350,263.16,1,Adequate Stocks,,263.16,350
Linus Chemist,K-Cort ,Triamcinolone,-,40MG,400,300.75,2,Adequate Stocks,,601.5,800
Linus Chemist,Cosmos ,Chlorpromazine,-,-,10,7.52,25,Adequate Stocks,,188,250
Linus Chemist,Calamine ,Calamine Lotion,-,-,100,75.19,1,Adequate Stocks,,75.19,100
Linus Chemist,Pregabalin 75MG,Pregabalin,-,-,20,15.04,0,Out of Stock,,0,0
Linus Chemist,Zycet ,Cetirizine,-,60ML,50,37.59,0,Out of Stock,,0,0
Linus Chemist,Philcorim 60ml ,Philcorim 60ml,-,60ml,250,187.97,0,Out of Stock,,0,0
Linus Chemist,Prednisolone / Olsolone/ ,Prednisolone,pdl,-,30,11.28,25,Adequate Stocks,,282,750
Linus Chemist,Surgiblade Surgical Blade SIZE 23,Blade Surgical,-,-,20,15.04,11,Adequate Stocks,,165.44,220
Linus Chemist,Clindazed-150 150MG,Clindamycin,-,-,35,26.32,30,Adequate Stocks,Less than 3 Months to Expiry,789.6,1050
Linus Chemist,Betason-G 0.1%W / 0.1%W,Betamethasone / Gentamicin,-,15GM,200,150.38,1,Adequate Stocks,,150.38,200
Linus Chemist,Nosic ,Doxylamine / Vitamin B6 Pyridoxine,-,-,30,25,16,Adequate Stocks,Expired,400,480
Linus Chemist,Lopadol 5MG/1ML,Ketorolac,-,5ML,300,225.56,1,Adequate Stocks,,225.56,300
Linus Chemist,Crepe bandage 200 6",Crepe bandage,-,-,200,150.38,0,Out of Stock,,0,0
Linus Chemist,Eno ,Citric Acid / Sodium Bicarbonate,-,-,10,7,58,Adequate Stocks,,406,580
Linus Chemist,Fish Net ,Fish Net,Fish Net,-,200,150.38,10,Adequate Stocks,,1503.8,2000
Linus Chemist,Augmentin 800MG / 200MG,Amoxicillin / Clavulanic Acid,Amoxyclav 1g,-,60,45.11,0,Out of Stock,,0,0
Linus Chemist,Limcee 500MG,Vitamin C Ascorbic Acid,-,-,50,37.59,6,Adequate Stocks,,225.54000000000002,300
Linus Chemist,Nice and lovely medium ,Nice and lovely Medium,Nice and lovely medium,200ML,200,150.38,9,Adequate Stocks,,1353.42,1800
Linus Chemist,cosmos ,Newcox,-,-,70,52.63,0,Out of Stock,,0,0
Linus Chemist,Azithro syrup ,Azithromycin,-,15ML,150,112.78,0,Out of Stock,,0,0
Linus Chemist,Ampiclo-Dawa 125MG/5ML / 125MG/5ML,Ampicillin / Cloxacillin,-,100ML,200,150.38,3,Adequate Stocks,,451.14,600
Linus Chemist,Dicard ,Sacubitril / Valsartan,-,-,100,75.19,0,Out of Stock,,0,0
Linus Chemist,Nystal 100000UNITS/1ML,Nystatin,-,12ML,100,75.19,4,Adequate Stocks,,300.76,400
Linus Chemist,stella ,Stella,stella,50ML,50,37.59,9,Adequate Stocks,,338.31000000000006,450
Linus Chemist,Montikast-10 10MG,Montelukast,-,-,50,37.59,6,Adequate Stocks,,225.54000000000002,300
Linus Chemist,Brustan 400MG / 325MG,Ibuprofen / Paracetamol,-,-,20,15.04,10,Adequate Stocks,,150.39999999999998,200
Linus Chemist,Acto 120MG / 250MG,Aluminium / Magnesium,-,-,2,1.5,90,Adequate Stocks,,135,180
Linus Chemist,Apc ,Aspirin (Acetylsalicylic Acid) / Caffeine / Paracetamol,-,-,2,1.3,0,Out of Stock,,0,0
Linus Chemist,Hydrogen Peroxide 6%W,Hydrogen Peroxide,-,200ML,100,75.19,3,Adequate Stocks,,225.57,300
Linus Chemist,Bata Sandals ,Bata Sandals,Bata Sandals,-,300,225.56,3,Adequate Stocks,,676.6800000000001,900
Linus Chemist,Trust ,Condom,-,-,50,37.59,0,Out of Stock,,0,0
Linus Chemist,Handkerchief ,Handkerchief,Handkerchief ya 20,-,20,15.04,12,Adequate Stocks,,180.48,240
Linus Chemist,Tml 0.05%W/V,Timolol,Tml,5ML,250,187.97,1,Adequate Stocks,,187.97,250
Linus Chemist,Brufen 60ml ,Ibuprofen,-,60 ML,50,37.59,8,Adequate Stocks,,300.72,400
Linus Chemist,Movit Hair Relaxer Green ,Movit Hair Relaxer Green,Movit Hair Relaxer Green,150GM,200,150.38,15,Adequate Stocks,,2255.7,3000
Linus Chemist,Kaluma Pain Balm ,Menthol / Wintergreen Oil,-,9ML,50,37.59,4,Adequate Stocks,,150.36,200
Linus Chemist,Lofen Mr 100MG / 250MG / 325MG,Aceclofenac / Chlorzoxazone / Paracetamol,Aclosara mr,-,50,37.59,0,Out of Stock,,0,0
Linus Chemist,Alcof 110MG / 2MG / 50MG,Ammonium Chloride / Chlorpheniramine / Sodium Citrate,-,100ML,150,112.78,3,Adequate Stocks,,338.34000000000003,450
Linus Chemist,Vitadrose Dextrose Injection 5%W,Dextrose,D5,500ML,300,225.56,3,Adequate Stocks,,676.6800000000001,900
Linus Chemist,Amitriptyline ,Amitriptyline,-,-,10,7.52,154,Adequate Stocks,Expired,1158.08,1540
Linus Chemist,Neuroba 300MG,Gabapentin,Gabapentin,-,70,52.63,3,Adequate Stocks,,157.89000000000001,210
Linus Chemist,kofgon /,Kofgon cough syrup,-,100ML,100,75.19,3,Adequate Stocks,,225.57,300
Linus Chemist,Softcare ,Pampers,-,-,140,105.26,16,Adequate Stocks,,1684.16,2240
Linus Chemist,Pegs ,Pegs,Pegs,-,20,15.04,13,Adequate Stocks,,195.51999999999998,260
Linus Chemist,cpm inj 10MG/1ML,Chlorpheniramine,-,1ML,200,150.38,6,Adequate Stocks,,902.28,1200
Linus Chemist,Neurobion 200MG / 1000MCG / 50MG,Vitamin B1 / Vitamin B12 / Vitamin B6 Pyridoxine,-,-,10,7.52,10,Adequate Stocks,,75.19999999999999,100
Linus Chemist,Gastrokit 1GM / 500MG / 30MG,Amoxicillin / Clarithromycin / Lansoprazole,Lanso kit,-,1500,1127.82,3,Adequate Stocks,,3383.46,4500
Linus Chemist,MTZ 60 syrup 200MG/5ML,Metronidazole,-,60ML,50,37.59,6,Adequate Stocks,,225.54000000000002,300
Linus Chemist,Loratin syrup 5mg,Loratadine,-,60ml,350,263.16,0,Out of Stock,,0,0
Linus Chemist,Heel Cream 5%W / 1000IU/GM / 30IU/1GM,Aloe / Vitamin A Retinoids / Vitamin D Cholecalciferol,-,30GM,350,263.16,1,Adequate Stocks,,263.16,350
Linus Chemist,Anti Rabies 2.5IU,Vaccine Rabies,-,0.5ML,1200,902.26,0,Out of Stock,,0,0
Linus Chemist,Brufen 400mg ,Ibuprofen,-,-,2,1,0,Out of Stock,,0,0
Linus Chemist,Griseofulvin 500mg 500MG,Griseofulvin,-,-,15,11.28,96,Adequate Stocks,,1082.8799999999999,1440
Linus Chemist,Handkerchief ,Handkerchief,Handkerchief,-,50,37.59,12,Adequate Stocks,,451.08000000000004,600
Linus Chemist,Nice And Lovely Glycerine ,Nice And Lovely Glycerine,Nice And Lovely Glycerine big,100ML,150,112.78,6,Adequate Stocks,,676.6800000000001,900
Linus Chemist,Gaviscon Peppermint ,Antacid,-,200ML,750,563.91,0,Out of Stock,,0,0
Linus Chemist,kaluma 150g,Kaluma Toothpaste,-,150,80,60.15,0,Out of Stock,,0,0
Linus Chemist,blueseal ,Blueseal,Vaseline blueseal 240ml,240ML,350,263.16,6,Adequate Stocks,,1578.96,2100
Linus Chemist,Zefcolin ,Cetirizine / Dextromethorphan / Phenylephrine,-,100ML,350,263.16,0,Out of Stock,,0,0
Linus Chemist,Ors 6.75GM / 1.3GM / 1.45GM,Glucose / Sodium Chloride / Trisodium Salt,-,-,30,22.56,4,Adequate Stocks,,90.24,120
Linus Chemist,Candistat-200 ,Clotrimazole,-,-,150,112.78,2,Adequate Stocks,,225.56,300
Linus Chemist,Salmonella Typhi Antigen Test Card ,Test: Salmonella Typhoid Ab Widal,-,-,500,375.94,0,Out of Stock,,0,0
Linus Chemist,Subsyde Cr 100MG,Diclofenac,-,-,65,48.87,1,Adequate Stocks,,48.87,65
Linus Chemist,philcorim 100ml 100mg,Pholcorim 100ml,philcorim 100ml,100ml,350,263.16,0,Out of Stock,,0,0
Linus Chemist,Griseofulvin 125mg 125MG,Griseofulvin,-,-,5,3.76,90,Adequate Stocks,,338.4,450
Linus Chemist,Cox-B 200MG,Celecoxib,Beecox Mr,-,150,112.78,10,Adequate Stocks,,1127.8,1500
Linus Chemist,KY  6016 (37-41) ,KY  6016 (37-41),KY  6016 (37-41),-,230,172.93,3,Adequate Stocks,,518.79,690
Linus Chemist,Augmin 375 500MG / 125MG,Amoxicillin / Clavulanic Acid,-,-,300,225.56,0,Out of Stock,,0,0
Linus Chemist,Bamsi Curl Activator ,Bamsy Curl Activator,Bamsi Curl Activator,80ML,60,45.11,8,Adequate Stocks,,360.88,480
Linus Chemist,Extraderm 0.64MG / 10MG / 1MG,Betamethasone / Clotrimazole / Gentamicin,-,20GM,250,187.97,6,Adequate Stocks,,1127.82,1500
Linus Chemist,H-Pylori Antigen Rapid Test Cassette ,Test: H. Pylori Strips,-,-,500,375.94,5,Adequate Stocks,,1879.7,2500
Linus Chemist,Diprofos 5MG/2ML,Betamethasone,-,2ML,1500,1127.82,0,Out of Stock,,0,0
Linus Chemist,Lasix 20MG/2ML,Furosemide,-,2ML,200,150.38,8,Adequate Stocks,,1203.04,1600
Linus Chemist,Floranorm 250MG,Saccharomyces Boulardii,-,-,1000,751.88,0,Out of Stock,,0,0
Linus Chemist,Haloperidol 5MG,Haloperidol,-,-,5,3.76,62,Adequate Stocks,,233.11999999999998,310
Linus Chemist,Trust Studded ,Condom,-,-,70,52.63,8,Adequate Stocks,,421.04,560
Linus Chemist,Concor 10MG,Bisoprolol,-,-,50,37.59,30,Adequate Stocks,,1127.7,1500
Linus Chemist,Grabacin Powder 4.56MG/1GM / 5MG/1GM /,Bacitracin / Neomycin / Polymyxin,-,10GM,200,150.38,4,Adequate Stocks,,601.52,800
Linus Chemist,Secnidazole susp 750mg,Secnidazole,-,15ml,200,150.38,1,Adequate Stocks,,150.38,200
Linus Chemist,kofgon ,Kofgon,-,60ML,50,37.59,1,Adequate Stocks,,37.59,50
Linus Chemist,Touch n. a,Touch And Go,Touch and Go,10ML,350,263.16,0,Out of Stock,,0,0
Linus Chemist,Diproson 0.05%W,Betamethasone,-,15GM,100,75.19,8,Adequate Stocks,Expired,601.52,800
Linus Chemist,Beta Gripe Water 2.15MG/5ML / 10MG/5ML,Dill Seed Oil / Sodium Bicarbonate,-,100ML,150,112.78,3,Adequate Stocks,,338.34000000000003,450
Linus Chemist,Caredoxy 100MG,Doxycycline,-,-,100,75.19,22,Adequate Stocks,Less than 3 Months to Expiry,1654.1799999999998,2200
Linus Chemist,Ribena 350 ,Ribena 350,-,400ml,350,263.16,0,Out of Stock,,0,0
Linus Chemist,Menozip 500MG/5ML,Tranexamic Acid,-,5ML,500,375.94,7,Adequate Stocks,,2631.58,3500
Linus Chemist,Key Holder ya 50 ,Key Holder ya 50,Key Holder ya 50,-,50,37.59,17,Adequate Stocks,,639.0300000000001,850
Linus Chemist,Enalapril 10 10MG,Enalapril,-,-,10,7.52,85,Adequate Stocks,,639.1999999999999,850
Linus Chemist,key Holder Ndogo ,key Holder Ndogo,key Holder Ndogo,-,30,22.56,4,Adequate Stocks,,90.24,120
Linus Chemist,Crepe bandage 160 4",Crepe bandage,-,-,150,100,1,Adequate Stocks,,100,150
Linus Chemist,Dawa 100MG,Vitamin C Ascorbic Acid,-,-,30,22.56,0,Out of Stock,,0,0
Linus Chemist,Nicof 60MG/5ML / 2MG/5ML / 6MG/5ML,Ammonium Chloride / Chlorpheniramine / Diphenhydramine,-,100ML,200,150.38,1,Adequate Stocks,,150.38,200
Linus Chemist,Doloact Mr 250MG / 50MG / 500MG,Chlorzoxazone / Diclofenac / Paracetamol,Doloact Mr,-,40,30.08,10,Adequate Stocks,,300.79999999999995,400
Linus Chemist,Pernex Ac 5%W,Benzoyl Peroxide,-,20GM,600,451.13,0,Out of Stock,,0,0
Linus Chemist,MTZ i.v 0.5%W/V,Metronidazole,-,100ML,300,225.56,1,Adequate Stocks,,225.56,300
Linus Chemist,Towel Ya Kuoga ,Towel Ya Kuoga,Towel Ya Kuoga,-,250,187.97,12,Adequate Stocks,,2255.64,3000
Linus Chemist,Multivit ,Enervit 60ml,Enervit 60,60,100,75.19,3,Adequate Stocks,,225.57,300
Linus Chemist,Zulu Modified Release 100MG / 500MG,Aceclofenac / Paracetamol,-,-,50,37.59,0,Out of Stock,,0,0
Linus Chemist,Deep Heat Ointment ,Menthol,-,35GM,400,300.75,0,Out of Stock,,0,0
Linus Chemist,Parafen 100MG/5ML / 120MG/5ML,Ibuprofen / Paracetamol,-,60ML,100,75.19,0,Out of Stock,,0,0
Linus Chemist,Flazine 1%W/W,Silver Sulfadiazine,-,15GM,100,75.19,2,Adequate Stocks,,150.38,200
Linus Chemist,Plasil 10MG,Metoclopramide,-,-,10,7.52,42,Adequate Stocks,,315.84,420
Linus Chemist,Magnacid 480MG/5ML / 20MG/5ML,Antacid / Simethicone,-,100ML,100,75.19,2,Adequate Stocks,,150.38,200
Linus Chemist,Nike 40-45 ,Nike 40-45,Nike 40-45,-,350,263.16,4,Adequate Stocks,,1052.64,1400
Linus Chemist,Mara Moja 400MG / 50MG / 200MG,Aspirin (Acetylsalicylic Acid) / Caffeine / Paracetamol,-,-,10,7.52,0,Out of Stock,,0,0
Linus Chemist,Amoxil 500mg ,Amoxicillin,-,-,8,6,0,Out of Stock,,0,0
Linus Chemist,Weaving Cap ,Weaving Cap,Weaving Cap,-,50,37.59,13,Adequate Stocks,,488.6700000000001,650
Linus Chemist,Surgical Spirit 100ml,Surgical Spirit,-,100ML,120,90.23,6,Adequate Stocks,,541.38,720
Linus Chemist,Flamox 250MG / 250MG,Amoxicillin / Flucloxacillin,flamox,-,500,375.94,1,Adequate Stocks,,375.94,500